stock_id,stock_name,date,Volume,Volume_Cash,Open,High,Low,Close,Change,Order
6117,迎廣,2010-01-04,534985.0,11181183.0,20.9,20.9,20.9,20.9,1.35,163.0
6117,迎廣,2010-01-05,713208.0,15940192.0,22.35,22.35,22.35,22.35,1.45,238.0
6117,迎廣,2010-01-06,6257266.0,149548647.0,23.9,23.9,23.9,23.9,1.55,1581.0
6117,迎廣,2010-01-07,7039023.0,177630481.0,24.95,25.55,24.0,25.55,1.65,1743.0
6117,迎廣,2010-01-08,6049484.0,158380758.0,26.5,27.0,24.3,24.3,-1.25,2399.0
6117,迎廣,2010-01-11,3321352.0,80586127.0,24.3,25.9,23.1,24.15,-0.15,1289.0
6117,迎廣,2010-01-12,2247368.0,56147593.0,24.2,25.8,24.0,25.8,1.65,866.0
6117,迎廣,2010-01-13,7488214.0,204233901.0,26.3,27.6,26.25,27.6,1.8,1969.0
6117,迎廣,2010-01-14,5299211.0,149389103.0,28.2,29.2,27.6,27.9,0.3,2112.0
6117,迎廣,2010-01-15,2659371.0,73170472.0,27.9,28.15,27.0,27.0,-0.9,1095.0
6117,迎廣,2010-01-18,2830157.0,80495177.0,27.4,28.85,26.6,28.85,1.85,791.0
6117,迎廣,2010-01-19,5750503.0,170044684.0,29.5,30.85,28.0,28.0,-0.85,2218.0
6117,迎廣,2010-01-20,3743676.0,103820415.0,28.5,28.6,26.6,27.05,-0.95,1125.0
6117,迎廣,2010-01-21,2503500.0,68937900.0,27.05,28.5,26.65,27.05,0.0,1215.0
6117,迎廣,2010-01-22,1615004.0,41985150.0,26.5,27.05,25.2,25.2,-1.85,752.0
6117,迎廣,2010-01-25,2050611.0,50114876.0,25.2,25.6,23.45,23.6,-1.6,897.0
6117,迎廣,2010-01-26,1736291.0,39171782.0,24.0,24.0,21.95,21.95,-1.65,657.0
6117,迎廣,2010-01-27,1277036.0,27596785.0,22.0,22.7,20.45,20.5,-1.45,573.0
6117,迎廣,2010-01-28,1388584.0,29972389.0,20.75,21.9,20.6,21.9,1.4,560.0
6117,迎廣,2010-01-29,1928011.0,43381156.0,21.9,23.3,21.2,23.3,1.4,857.0
6117,迎廣,2010-02-01,826180.0,18522891.0,23.3,23.3,21.75,21.9,-1.4,388.0
6117,迎廣,2010-02-02,752555.0,16534555.0,22.1,23.0,20.6,21.0,-0.9,362.0
6117,迎廣,2010-02-03,1038076.0,22662806.0,21.2,22.45,21.15,22.45,1.45,421.0
6117,迎廣,2010-02-04,1483475.0,33859711.0,22.75,23.5,22.45,22.6,0.15,700.0
6117,迎廣,2010-02-05,698006.0,14937976.0,21.7,21.9,21.05,21.05,-1.55,330.0
6117,迎廣,2010-02-06,1367118.0,29700843.0,21.5,22.4,20.55,22.35,1.3,629.0
6117,迎廣,2010-02-08,694005.0,15398959.0,22.35,22.75,21.7,21.9,-0.45,319.0
6117,迎廣,2010-02-09,702107.0,15372893.0,21.95,22.3,21.3,21.7,-0.2,365.0
6117,迎廣,2010-02-10,717869.0,15715610.0,21.75,22.6,20.65,20.65,-1.05,380.0
6117,迎廣,2010-02-22,437183.0,9633734.0,22.0,22.05,21.9,22.05,1.4,177.0
6117,迎廣,2010-02-23,1683507.0,39254488.0,22.6,23.55,22.3,23.55,1.5,477.0
6117,迎廣,2010-02-24,4031575.0,99511107.0,23.8,25.15,23.8,25.15,1.6,1564.0
6117,迎廣,2010-02-25,2155358.0,53173332.0,25.35,25.4,23.8,23.9,-1.25,969.0
6117,迎廣,2010-02-26,1151000.0,27866550.0,24.1,24.65,23.55,24.3,0.4,550.0
6117,迎廣,2010-03-01,769100.0,18568310.0,24.3,24.5,23.7,24.4,0.1,397.0
6117,迎廣,2010-03-02,995151.0,24569089.0,24.65,25.1,24.1,24.1,-0.3,539.0
6117,迎廣,2010-03-03,2346184.0,59052887.0,24.1,25.75,24.1,25.75,1.65,953.0
6117,迎廣,2010-03-04,1856557.0,46867900.0,25.75,25.85,24.7,24.7,-1.05,835.0
6117,迎廣,2010-03-05,727000.0,18086700.0,25.2,25.25,24.65,24.75,0.05,387.0
6117,迎廣,2010-03-08,674180.0,16809212.0,25.5,25.5,24.7,25.0,0.25,345.0
6117,迎廣,2010-03-09,549374.0,13497393.0,24.85,24.85,24.45,24.45,-0.55,332.0
6117,迎廣,2010-03-10,605500.0,14989600.0,24.45,25.2,24.45,24.5,0.05,318.0
6117,迎廣,2010-03-11,909500.0,22388149.0,25.0,25.0,24.25,24.3,-0.2,410.0
6117,迎廣,2010-03-12,770000.0,18974100.0,25.0,25.0,24.15,24.15,-0.15,369.0
6117,迎廣,2010-03-15,460006.0,11070391.0,24.15,24.45,23.5,23.5,-0.65,252.0
6117,迎廣,2010-03-16,334004.0,7879744.0,23.5,23.9,23.45,23.55,0.05,188.0
6117,迎廣,2010-03-17,594030.0,14355965.0,23.8,24.6,23.65,24.0,0.45,358.0
6117,迎廣,2010-03-18,658100.0,16097080.0,24.2,24.8,24.2,24.4,0.4,331.0
6117,迎廣,2010-03-19,1062524.0,26501614.0,24.8,25.3,24.45,24.7,0.3,490.0
6117,迎廣,2010-03-22,773505.0,18758719.0,24.95,24.95,24.1,24.1,-0.6,385.0
6117,迎廣,2010-03-23,842000.0,20596249.0,24.2,24.75,24.2,24.2,0.1,382.0
6117,迎廣,2010-03-24,2170106.0,55910785.0,24.4,25.85,24.4,25.85,1.65,585.0
6117,迎廣,2010-03-25,2487560.0,63709544.0,26.0,26.15,25.0,25.1,-0.75,1030.0
6117,迎廣,2010-03-26,1171832.0,29523165.0,25.0,25.65,24.8,24.9,-0.2,572.0
6117,迎廣,2010-03-29,1297756.0,32609011.0,24.9,25.65,24.6,24.9,0.0,587.0
6117,迎廣,2010-03-30,573759.0,14282875.0,24.9,25.45,24.5,24.5,-0.4,283.0
6117,迎廣,2010-03-31,656212.0,16093119.0,24.75,25.05,24.1,24.15,-0.35,319.0
6117,迎廣,2010-04-01,566147.0,13715292.0,24.25,24.55,24.1,24.15,0.0,298.0
6117,迎廣,2010-04-02,739300.0,18163489.0,24.5,24.9,24.3,24.3,0.15,345.0
6117,迎廣,2010-04-06,597432.0,14538247.0,24.6,24.6,24.15,24.2,-0.1,273.0
6117,迎廣,2010-04-07,696943.0,17159702.0,24.45,25.0,24.25,24.65,0.45,389.0
6117,迎廣,2010-04-08,932476.0,23169884.0,24.7,25.25,24.4,24.4,-0.25,425.0
6117,迎廣,2010-04-09,606000.0,14691200.0,24.4,24.6,24.1,24.2,-0.2,270.0
6117,迎廣,2010-04-12,394056.0,9547986.0,24.6,24.6,24.1,24.1,-0.1,188.0
6117,迎廣,2010-04-13,588499.0,13648026.0,24.1,24.1,22.5,22.7,-1.4,332.0
6117,迎廣,2010-04-14,340649.0,7872920.0,22.7,23.5,22.7,23.45,0.75,188.0
6117,迎廣,2010-04-15,307268.0,7147864.0,23.5,23.8,23.1,23.2,-0.25,166.0
6117,迎廣,2010-04-16,395014.0,9164825.0,23.2,23.45,23.05,23.25,0.05,181.0
6117,迎廣,2010-04-19,2021200.0,48836740.0,23.25,24.85,23.2,23.5,0.25,800.0
6117,迎廣,2010-04-20,513000.0,12081450.0,24.0,24.0,23.2,23.5,0.0,264.0
6117,迎廣,2010-04-21,487050.0,11572742.0,23.65,24.2,23.5,23.75,0.25,236.0
6117,迎廣,2010-04-22,314000.0,7410300.0,23.75,24.1,23.3,23.55,-0.2,152.0
6117,迎廣,2010-04-23,246180.0,5783276.0,23.5,23.7,23.35,23.35,-0.2,142.0
6117,迎廣,2010-04-26,305631.0,7197714.0,23.8,23.8,23.3,23.55,0.2,142.0
6117,迎廣,2010-04-27,193375.0,4540012.0,23.6,23.65,23.3,23.3,-0.25,114.0
6117,迎廣,2010-04-28,323000.0,7317500.0,22.3,23.0,22.0,22.9,-0.4,161.0
6117,迎廣,2010-04-29,265001.0,6065922.0,22.9,23.1,22.6,22.8,-0.1,128.0
6117,迎廣,2010-04-30,353823.0,7847576.0,23.0,23.1,21.6,21.6,-1.2,198.0
6117,迎廣,2010-05-03,356080.0,7474104.0,21.4,21.4,20.65,20.9,-0.7,185.0
6117,迎廣,2010-05-04,215000.0,4549900.0,21.0,21.4,21.0,21.1,0.2,109.0
6117,迎廣,2010-05-05,655006.0,12980369.0,20.65,20.65,19.65,19.7,-1.4,251.0
6117,迎廣,2010-05-06,499823.0,9773287.0,19.1,19.9,19.0,19.2,-0.5,194.0
6117,迎廣,2010-05-07,308163.0,5616472.0,18.0,18.9,18.0,18.7,-0.5,175.0
6117,迎廣,2010-05-10,666000.0,12334250.0,17.4,20.0,17.4,20.0,1.3,279.0
6117,迎廣,2010-05-11,375015.0,8025321.0,21.4,21.4,21.4,21.4,1.4,147.0
6117,迎廣,2010-05-12,4449010.0,100602078.0,22.4,22.85,21.65,22.85,1.45,1132.0
6117,迎廣,2010-05-13,7986828.0,194437710.0,24.4,24.4,23.9,24.15,1.3,2629.0
6117,迎廣,2010-05-14,1918698.0,44781904.0,23.75,23.8,22.7,23.2,-0.95,860.0
6117,迎廣,2010-05-17,1263000.0,27850900.0,22.7,22.8,21.6,21.75,-1.45,581.0
6117,迎廣,2010-05-18,781058.0,16740962.0,21.9,22.0,20.8,20.9,-0.85,453.0
6117,迎廣,2010-05-19,913020.0,18813624.0,20.35,21.2,20.2,21.2,0.3,539.0
6117,迎廣,2010-05-20,703080.0,14384953.0,21.0,21.15,20.2,20.2,-1.0,308.0
6117,迎廣,2010-05-21,4187870.0,88864989.0,20.2,21.6,20.2,21.6,1.4,1565.0
6117,迎廣,2010-05-24,1796001.0,38587021.0,21.8,21.8,20.8,21.0,-0.6,780.0
6117,迎廣,2010-05-25,803006.0,15909068.0,20.3,20.7,19.55,19.55,-1.45,385.0
6117,迎廣,2010-05-26,569006.0,10883863.0,19.5,19.8,18.4,18.7,-0.85,302.0
6117,迎廣,2010-05-27,681426.0,13388120.0,18.5,20.0,18.5,20.0,1.3,339.0
6117,迎廣,2010-05-28,850836.0,17928690.0,20.5,21.4,20.5,21.4,1.4,338.0
6117,迎廣,2010-05-31,1625280.0,35113634.0,21.8,22.15,21.05,21.15,-0.25,706.0
6117,迎廣,2010-06-01,566164.0,11775517.0,21.15,21.15,20.5,20.7,-0.45,316.0
6117,迎廣,2010-06-02,693000.0,14624850.0,20.5,21.8,20.45,20.75,0.05,434.0
6117,迎廣,2010-06-03,463002.0,9785544.0,21.7,21.7,20.9,20.9,0.15,244.0
6117,迎廣,2010-06-04,433743.0,9076605.0,21.0,21.25,20.8,20.8,-0.1,208.0
6117,迎廣,2010-06-07,427680.0,8350478.0,19.35,19.95,19.35,19.55,-1.25,239.0
6117,迎廣,2010-06-08,346000.0,6772050.0,19.2,19.8,19.15,19.6,0.05,191.0
6117,迎廣,2010-06-09,399000.0,7835450.0,19.8,20.2,18.85,19.0,-0.6,247.0
6117,迎廣,2010-06-10,245000.0,4711050.0,19.0,19.55,19.0,19.4,0.4,142.0
6117,迎廣,2010-06-11,263080.0,5275134.0,20.55,20.55,19.65,19.75,0.35,160.0
6117,迎廣,2010-06-14,214001.0,4230770.0,19.9,19.9,19.7,19.9,0.15,126.0
6117,迎廣,2010-06-15,223216.0,4449261.0,19.9,20.05,19.75,19.75,-0.15,131.0
6117,迎廣,2010-06-17,315009.0,6334632.0,19.85,20.3,19.85,20.05,0.3,171.0
6117,迎廣,2010-06-18,208000.0,4181750.0,20.1,20.25,20.0,20.15,0.1,114.0
6117,迎廣,2010-06-21,264360.0,5333100.0,20.25,20.35,20.05,20.2,0.05,120.0
6117,迎廣,2010-06-22,191000.0,3819150.0,20.15,20.15,19.9,20.0,-0.2,92.0
6117,迎廣,2010-06-23,278078.0,5612969.0,20.0,20.4,19.95,20.3,0.3,159.0
6117,迎廣,2010-06-24,232000.0,4685550.0,20.4,20.4,20.05,20.05,-0.25,116.0
6117,迎廣,2010-06-25,256000.0,5127100.0,20.0,20.4,19.7,19.9,-0.15,156.0
6117,迎廣,2010-06-28,161001.0,3190569.0,19.9,20.1,19.7,19.7,-0.2,101.0
6117,迎廣,2010-06-29,311000.0,6209050.0,19.8,20.4,19.6,19.95,0.25,168.0
6117,迎廣,2010-06-30,106986.0,2044682.0,18.8,19.6,18.8,19.3,-0.65,79.0
6117,迎廣,2010-07-01,89558.0,1715552.0,19.3,19.4,19.0,19.15,-0.15,64.0
6117,迎廣,2010-07-02,109000.0,2102550.0,19.25,19.5,19.15,19.3,0.15,69.0
6117,迎廣,2010-07-05,152000.0,2916300.0,19.4,19.4,19.05,19.15,-0.15,81.0
6117,迎廣,2010-07-06,155115.0,3000819.0,19.4,19.55,19.1,19.4,0.25,97.0
6117,迎廣,2010-07-07,211000.0,4126700.0,19.5,19.7,19.4,19.5,0.1,129.0
6117,迎廣,2010-07-08,1143000.0,23468600.0,19.6,20.85,19.6,20.85,1.35,478.0
6117,迎廣,2010-07-09,735050.0,15210209.0,21.0,21.0,20.1,20.1,-0.75,340.0
6117,迎廣,2010-07-12,512000.0,10402800.0,20.4,20.65,20.1,20.2,0.1,244.0
6117,迎廣,2010-07-13,301000.0,6062300.0,20.3,20.4,20.0,20.0,-0.2,130.0
6117,迎廣,2010-07-14,275988.0,5549909.0,20.15,20.35,20.0,20.0,0.0,142.0
6117,迎廣,2010-07-15,299781.0,6066453.0,20.3,20.45,20.05,20.1,0.1,156.0
6117,迎廣,2010-07-16,187283.0,3772187.0,20.1,20.4,20.05,20.15,0.05,115.0
6117,迎廣,2010-07-19,116637.0,2317835.0,20.15,20.15,19.7,19.75,-0.4,68.0
6117,迎廣,2010-07-20,195823.0,3885721.0,19.8,20.15,19.75,19.8,0.05,94.0
6117,迎廣,2010-07-21,125000.0,2484550.0,19.95,20.05,19.8,19.8,0.0,60.0
6117,迎廣,2010-07-22,599008.0,12142260.0,19.8,20.75,19.75,20.05,0.25,246.0
6117,迎廣,2010-07-23,212209.0,4279300.0,20.45,20.45,20.0,20.0,-0.05,122.0
6117,迎廣,2010-07-26,251007.0,5028539.0,20.25,20.4,19.85,19.95,-0.05,120.0
6117,迎廣,2010-07-27,190015.0,3801500.0,20.0,20.15,19.9,20.1,0.15,87.0
6117,迎廣,2010-07-28,668000.0,13690750.0,20.1,21.0,19.95,20.3,0.2,292.0
6117,迎廣,2010-07-29,255551.0,5158713.0,20.6,20.6,20.05,20.05,-0.25,130.0
6117,迎廣,2010-07-30,190000.0,3812800.0,20.05,20.25,20.0,20.0,-0.05,85.0
6117,迎廣,2010-08-02,158007.0,3192940.0,20.45,20.45,20.0,20.05,0.05,82.0
6117,迎廣,2010-08-03,202200.0,4047540.0,20.4,20.4,19.8,19.8,-0.25,109.0
6117,迎廣,2010-08-04,236831.0,4717127.0,19.8,20.0,19.8,19.95,0.15,128.0
6117,迎廣,2010-08-05,144000.0,2847850.0,19.8,19.95,19.6,19.6,0.0,101.0
6117,迎廣,2010-08-06,182676.0,3596667.0,19.6,19.85,19.6,19.85,0.25,96.0
6117,迎廣,2010-08-09,215200.0,4232270.0,19.8,19.85,19.6,19.85,0.0,117.0
6117,迎廣,2010-08-10,112000.0,2217150.0,19.85,19.95,19.65,19.75,-0.1,70.0
6117,迎廣,2010-08-11,147157.0,2876195.0,19.75,19.8,19.4,19.4,-0.35,78.0
6117,迎廣,2010-08-12,135000.0,2582100.0,19.1,19.25,19.05,19.1,-0.3,79.0
6117,迎廣,2010-08-13,91000.0,1762250.0,19.15,19.5,19.15,19.35,0.25,59.0
6117,迎廣,2010-08-16,131007.0,2537135.0,19.35,19.6,19.3,19.3,-0.05,68.0
6117,迎廣,2010-08-17,137007.0,2641685.0,19.45,19.45,19.15,19.15,-0.15,70.0
6117,迎廣,2010-08-18,103414.0,1979107.0,19.2,19.35,19.05,19.05,-0.1,61.0
6117,迎廣,2010-08-19,107596.0,2056224.0,19.05,19.25,19.0,19.2,0.15,73.0
6117,迎廣,2010-08-20,116360.0,2218540.0,19.2,19.2,18.9,18.9,-0.3,74.0
6117,迎廣,2010-08-23,142037.0,2719756.0,19.15,19.4,18.95,19.05,0.15,62.0
6117,迎廣,2010-08-24,320001.0,6258669.0,19.2,20.1,19.0,20.0,0.95,158.0
6117,迎廣,2010-08-25,808198.0,16070662.0,20.0,20.2,19.0,19.0,-1.0,320.0
6117,迎廣,2010-08-26,198280.0,3723980.0,18.9,19.2,18.45,18.55,-0.45,109.0
6117,迎廣,2010-08-27,154862.0,2840300.0,18.15,18.55,18.15,18.2,-0.35,77.0
6117,迎廣,2010-08-30,233000.0,4168650.0,18.35,18.35,17.5,17.6,-0.6,128.0
6117,迎廣,2010-08-31,329007.0,5560215.0,17.55,17.55,16.4,16.4,-1.2,184.0
6117,迎廣,2010-09-01,152030.0,2538008.0,16.55,16.9,16.4,16.8,0.4,97.0
6117,迎廣,2010-09-02,179000.0,3028450.0,17.0,17.4,16.6,16.8,0.0,98.0
6117,迎廣,2010-09-03,446099.0,7883727.0,17.0,17.95,17.0,17.9,1.1,228.0
6117,迎廣,2010-09-06,481412.0,9144938.0,18.9,19.15,18.75,19.15,1.25,216.0
6117,迎廣,2010-09-07,611139.0,11589991.0,19.4,19.6,18.3,18.5,-0.65,318.0
6117,迎廣,2010-09-08,172416.0,3165370.0,18.4,18.7,18.2,18.3,-0.2,105.0
6117,迎廣,2010-09-09,143000.0,2586050.0,18.5,18.5,17.8,17.8,-0.5,91.0
6117,迎廣,2010-09-10,170180.0,3114240.0,18.2,18.5,18.0,18.15,0.35,102.0
6117,迎廣,2010-09-13,174545.0,3175660.0,18.2,18.35,18.05,18.15,0.0,79.0
6117,迎廣,2010-09-14,123000.0,2232800.0,18.3,18.3,18.1,18.15,0.0,45.0
6117,迎廣,2010-09-15,111000.0,2025800.0,18.25,18.5,18.15,18.25,0.1,61.0
6117,迎廣,2010-09-16,154180.0,2798572.0,18.3,18.3,18.0,18.05,-0.2,64.0
6117,迎廣,2010-09-17,165089.0,3044628.0,18.05,18.75,18.05,18.3,0.25,94.0
6117,迎廣,2010-09-20,155057.0,2800822.0,18.1,18.3,18.0,18.0,-0.3,86.0
6117,迎廣,2010-09-21,77000.0,1391300.0,18.15,18.2,18.0,18.0,0.0,48.0
6117,迎廣,2010-09-23,124911.0,2248156.0,18.05,18.1,17.9,18.0,0.0,67.0
6117,迎廣,2010-09-24,73360.0,1330594.0,18.2,18.5,17.95,18.05,0.05,51.0
6117,迎廣,2010-09-27,116000.0,2087600.0,18.3,18.3,17.85,17.95,-0.1,49.0
6117,迎廣,2010-09-28,65000.0,1161500.0,17.85,18.0,17.8,17.8,-0.15,35.0
6117,迎廣,2010-09-29,96000.0,1721350.0,17.85,18.2,17.85,17.95,0.15,51.0
6117,迎廣,2010-09-30,179000.0,3258400.0,18.0,18.45,18.0,18.1,0.15,71.0
6117,迎廣,2010-10-01,77472.0,1411796.0,18.5,18.5,18.1,18.15,0.05,36.0
6117,迎廣,2010-10-04,241180.0,4413504.0,18.4,18.65,17.9,17.9,-0.25,133.0
6117,迎廣,2010-10-05,199290.0,3405865.0,16.65,17.9,16.65,17.45,-0.45,92.0
6117,迎廣,2010-10-06,347731.0,6205392.0,17.65,18.3,17.5,17.6,0.15,133.0
6117,迎廣,2010-10-07,495519.0,9026143.0,17.6,18.6,17.6,18.05,0.45,226.0
6117,迎廣,2010-10-08,47440.0,845938.0,17.65,18.15,17.65,17.75,-0.3,40.0
6117,迎廣,2010-10-11,395854.0,7141371.0,17.65,18.4,17.65,17.75,0.0,137.0
6117,迎廣,2010-10-12,350250.0,6172950.0,17.75,18.25,16.9,17.5,-0.25,172.0
6117,迎廣,2010-10-13,228000.0,3978850.0,17.45,17.75,17.15,17.6,0.1,113.0
6117,迎廣,2010-10-14,294481.0,5293759.0,17.65,18.2,17.6,18.05,0.45,121.0
6117,迎廣,2010-10-15,108012.0,1907006.0,18.05,18.05,17.5,17.5,-0.55,77.0
6117,迎廣,2010-10-18,131000.0,2260500.0,17.5,17.55,17.1,17.15,-0.35,66.0
6117,迎廣,2010-10-19,120495.0,2062515.0,17.5,17.5,17.0,17.0,-0.15,59.0
6117,迎廣,2010-10-20,350204.0,6004388.0,16.8,17.7,16.8,17.2,0.2,149.0
6117,迎廣,2010-10-21,54204.0,927468.0,17.25,17.3,17.05,17.1,-0.1,33.0
6117,迎廣,2010-10-22,42000.0,720350.0,17.1,17.25,17.1,17.15,0.05,28.0
6117,迎廣,2010-10-25,44000.0,761400.0,17.25,17.4,17.25,17.25,0.1,28.0
6117,迎廣,2010-10-26,92360.0,1601791.0,17.3,17.55,17.25,17.3,0.05,48.0
6117,迎廣,2010-10-27,78180.0,1358277.0,17.5,17.55,17.25,17.25,-0.05,53.0
6117,迎廣,2010-10-28,223440.0,3790430.0,17.3,17.45,16.6,17.15,-0.1,66.0
6117,迎廣,2010-10-29,43000.0,727200.0,17.15,17.15,16.8,16.95,-0.2,33.0
6117,迎廣,2010-11-01,116472.0,1960182.0,17.0,17.15,16.55,16.8,-0.15,63.0
6117,迎廣,2010-11-02,271269.0,4564160.0,16.8,17.3,16.5,16.5,-0.3,135.0
6117,迎廣,2010-11-03,558009.0,8810238.0,16.55,16.65,15.35,15.35,-1.15,203.0
6117,迎廣,2010-11-04,245100.0,3701390.0,15.3,15.35,14.85,15.25,-0.1,152.0
6117,迎廣,2010-11-05,172000.0,2627350.0,15.25,15.4,15.15,15.2,-0.05,74.0
6117,迎廣,2010-11-08,433000.0,6257450.0,14.3,14.9,14.3,14.45,-0.75,156.0
6117,迎廣,2010-11-09,133089.0,1949571.0,14.45,14.8,14.4,14.75,0.3,75.0
6117,迎廣,2010-11-10,148416.0,2172872.0,14.75,14.8,14.55,14.7,-0.05,63.0
6117,迎廣,2010-11-11,106700.0,1604520.0,14.85,15.2,14.85,15.2,0.5,66.0
6117,迎廣,2010-11-12,86799.0,1301874.0,15.4,15.4,14.8,14.95,-0.25,54.0
6117,迎廣,2010-11-15,62000.0,918500.0,15.0,15.0,14.75,14.75,-0.2,35.0
6117,迎廣,2010-11-16,27177.0,402769.0,14.8,14.9,14.7,14.9,0.15,27.0
6117,迎廣,2010-11-17,35000.0,518950.0,14.85,14.95,14.75,14.9,0.0,24.0
6117,迎廣,2010-11-18,49000.0,730900.0,15.0,15.0,14.8,14.9,0.0,30.0
6117,迎廣,2010-11-19,145000.0,2195500.0,15.0,15.4,14.95,15.0,0.1,87.0
6117,迎廣,2010-11-22,31000.0,463250.0,15.0,15.0,14.85,14.9,-0.1,20.0
6117,迎廣,2010-11-23,27956.0,417898.0,14.95,15.0,14.9,14.9,0.0,25.0
6117,迎廣,2010-11-24,127070.0,1906643.0,14.7,15.2,14.7,15.0,0.1,54.0
6117,迎廣,2010-11-25,37595.0,566425.0,15.1,15.15,15.0,15.1,0.1,24.0
6117,迎廣,2010-11-26,61345.0,931944.0,15.25,15.3,15.05,15.05,-0.05,31.0
6117,迎廣,2010-11-29,13000.0,196000.0,15.1,15.1,15.05,15.1,0.05,9.0
6117,迎廣,2010-11-30,127000.0,1938550.0,15.15,15.4,15.1,15.25,0.15,58.0
6117,迎廣,2010-12-01,834090.0,13366531.0,15.2,16.3,15.2,16.0,0.75,232.0
6117,迎廣,2010-12-02,207377.0,3284279.0,16.05,16.05,15.65,15.75,-0.25,104.0
6117,迎廣,2010-12-03,119911.0,1888511.0,15.85,15.9,15.7,15.7,-0.05,53.0
6117,迎廣,2010-12-06,2457440.0,38945857.0,15.7,15.9,15.6,15.85,0.15,73.0
6117,迎廣,2010-12-07,572000.0,9624250.0,16.9,16.95,16.5,16.95,1.1,248.0
6117,迎廣,2010-12-08,1264990.0,22353323.0,17.6,18.0,17.15,17.75,0.8,592.0
6117,迎廣,2010-12-09,421010.0,7382226.0,17.5,17.75,17.3,17.5,-0.25,184.0
6117,迎廣,2010-12-10,1088482.0,19973102.0,17.5,18.7,17.5,17.95,0.45,381.0
6117,迎廣,2010-12-13,431000.0,7767400.0,18.0,18.45,17.85,17.85,-0.1,218.0
6117,迎廣,2010-12-14,203495.0,3585614.0,18.0,18.0,17.25,17.35,-0.5,119.0
6117,迎廣,2010-12-15,184000.0,3165900.0,17.4,17.45,17.0,17.2,-0.15,87.0
6117,迎廣,2010-12-16,106903.0,1832601.0,17.05,17.45,17.05,17.1,-0.1,67.0
6117,迎廣,2010-12-17,884649.0,16055942.0,17.2,18.25,17.2,18.25,1.15,273.0
6117,迎廣,2010-12-20,492720.0,8844200.0,18.45,18.45,17.55,17.6,-0.65,246.0
6117,迎廣,2010-12-21,362140.0,6378700.0,17.6,18.0,17.55,17.6,0.0,98.0
6117,迎廣,2010-12-22,368015.0,6445163.0,17.75,17.8,17.3,17.55,-0.05,189.0
6117,迎廣,2010-12-23,918500.0,16937424.0,17.75,18.75,17.7,17.85,0.3,352.0
6117,迎廣,2010-12-24,177682.0,3145271.0,17.65,17.95,17.55,17.8,-0.05,107.0
6117,迎廣,2010-12-27,88100.0,1554459.0,17.55,17.9,17.55,17.75,-0.05,63.0
6117,迎廣,2010-12-28,141000.0,2487850.0,18.1,18.1,17.4,17.45,-0.3,74.0
6117,迎廣,2010-12-29,159000.0,2736550.0,17.5,17.5,17.0,17.05,-0.4,99.0
6117,迎廣,2010-12-30,58000.0,1001100.0,17.05,17.35,17.05,17.2,0.15,40.0
6117,迎廣,2010-12-31,59999.0,1031633.0,17.2,17.35,17.05,17.1,-0.1,47.0
6117,迎廣,2011-01-03,133066.0,2278572.0,17.35,17.35,17.05,17.05,-0.05,61.0
6117,迎廣,2011-01-04,134009.0,2303354.0,17.2,17.3,17.15,17.2,0.15,46.0
6117,迎廣,2011-01-05,156000.0,2659350.0,17.25,17.3,16.9,16.95,-0.25,65.0
6117,迎廣,2011-01-06,99000.0,1686100.0,16.9,17.2,16.9,17.0,0.05,62.0
6117,迎廣,2011-01-07,122000.0,2075400.0,17.2,17.25,16.9,16.9,-0.1,62.0
6117,迎廣,2011-01-10,143426.0,2418341.0,16.95,17.15,16.8,16.8,-0.1,53.0
6117,迎廣,2011-01-11,108005.0,1833084.0,16.8,17.05,16.8,16.95,0.15,66.0
6117,迎廣,2011-01-12,116070.0,1988983.0,17.15,17.35,17.0,17.0,0.05,73.0
6117,迎廣,2011-01-13,48120.0,820496.0,17.2,17.25,17.0,17.05,0.05,27.0
6117,迎廣,2011-01-14,753920.0,13291858.0,17.15,18.15,17.15,17.25,0.2,308.0
6117,迎廣,2011-01-17,158860.0,2734606.0,17.25,17.5,17.05,17.2,-0.05,98.0
6117,迎廣,2011-01-18,81416.0,1393380.0,17.2,17.2,17.05,17.05,-0.15,50.0
6117,迎廣,2011-01-19,69512.0,1190504.0,17.05,17.2,17.05,17.2,0.15,39.0
6117,迎廣,2011-01-20,64052.0,1099834.0,17.25,17.3,17.1,17.1,-0.1,36.0
6117,迎廣,2011-01-21,47528.0,815526.0,17.1,17.25,17.05,17.15,0.05,28.0
6117,迎廣,2011-01-24,50000.0,859750.0,17.3,17.3,17.1,17.1,-0.05,32.0
6117,迎廣,2011-01-25,57000.0,977250.0,17.2,17.25,17.05,17.15,0.05,29.0
6117,迎廣,2011-01-26,156921.0,2685601.0,17.15,17.3,17.0,17.2,0.05,73.0
6117,迎廣,2011-01-27,77000.0,1326550.0,17.2,17.3,17.1,17.25,0.05,33.0
6117,迎廣,2011-01-28,84823.0,1450108.0,17.3,17.3,17.05,17.05,-0.2,43.0
6117,迎廣,2011-02-08,105000.0,1793150.0,17.3,17.3,17.0,17.0,-0.05,48.0
6117,迎廣,2011-02-09,110557.0,1890862.0,17.0,17.2,17.0,17.1,0.1,39.0
6117,迎廣,2011-02-10,48000.0,824700.0,17.25,17.3,17.1,17.1,0.0,41.0
6117,迎廣,2011-02-11,187000.0,3190000.0,17.15,17.25,16.6,16.7,-0.4,77.0
6117,迎廣,2011-02-14,195236.0,3317062.0,16.7,17.15,16.7,17.1,0.4,82.0
6117,迎廣,2011-02-15,91000.0,1558050.0,17.25,17.25,16.95,17.0,-0.1,53.0
6117,迎廣,2011-02-16,76000.0,1302300.0,17.1,17.25,17.1,17.1,0.1,37.0
6117,迎廣,2011-02-17,67180.0,1149610.0,17.15,17.2,17.05,17.1,0.0,41.0
6117,迎廣,2011-02-18,190025.0,3289733.0,17.25,17.4,17.2,17.35,0.25,108.0
6117,迎廣,2011-02-21,363832.0,6524493.0,17.4,18.35,17.4,17.7,0.35,206.0
6117,迎廣,2011-02-22,114198.0,1974183.0,17.5,17.6,17.1,17.2,-0.5,70.0
6117,迎廣,2011-02-23,232800.0,3956750.0,17.0,17.15,16.9,16.9,-0.3,95.0
6117,迎廣,2011-02-24,95521.0,1621111.0,16.9,17.05,16.8,17.05,0.15,59.0
6117,迎廣,2011-02-25,71000.0,1209800.0,17.0,17.15,16.95,17.15,0.1,43.0
6117,迎廣,2011-03-01,128000.0,2219100.0,17.1,17.5,17.1,17.4,0.25,65.0
6117,迎廣,2011-03-02,75180.0,1300864.0,17.4,17.5,17.2,17.45,0.05,46.0
6117,迎廣,2011-03-03,233000.0,4094600.0,17.7,17.75,17.4,17.7,0.25,106.0
6117,迎廣,2011-03-04,1682663.0,31654129.0,17.8,18.9,17.8,18.9,1.2,640.0
6117,迎廣,2011-03-07,2672089.0,53747097.0,19.95,20.2,19.95,20.2,1.3,739.0
6117,迎廣,2011-03-08,3828031.0,79257416.0,20.8,21.35,19.9,20.1,-0.1,1515.0
6117,迎廣,2011-03-09,1040103.0,20631763.0,20.1,20.5,19.3,19.4,-0.7,454.0
6117,迎廣,2011-03-10,641501.0,12311017.0,19.5,19.7,19.0,19.25,-0.15,296.0
6117,迎廣,2011-03-11,318001.0,6032719.0,19.0,19.1,18.8,19.05,-0.2,147.0
6117,迎廣,2011-03-14,880017.0,15779906.0,19.0,19.0,17.75,17.9,-1.15,332.0
6117,迎廣,2011-03-15,717299.0,12099272.0,17.0,17.45,16.65,16.65,-1.25,260.0
6117,迎廣,2011-03-16,663180.0,10603147.0,16.0,16.65,15.5,16.05,-0.6,282.0
6117,迎廣,2011-03-17,600000.0,9753400.0,15.9,16.95,15.7,16.45,0.4,259.0
6117,迎廣,2011-03-18,554000.0,9238550.0,16.6,16.9,16.45,16.6,0.15,170.0
6117,迎廣,2011-03-21,250000.0,4166550.0,16.6,16.85,16.6,16.6,0.0,92.0
6117,迎廣,2011-03-22,305180.0,5134606.0,16.7,16.95,16.65,16.8,0.2,157.0
6117,迎廣,2011-03-23,298180.0,5123842.0,16.9,17.6,16.85,17.05,0.25,145.0
6117,迎廣,2011-03-24,160000.0,2716150.0,17.1,17.1,16.8,17.0,-0.05,76.0
6117,迎廣,2011-03-25,218000.0,3693050.0,17.1,17.1,16.8,16.85,-0.15,87.0
6117,迎廣,2011-03-28,317000.0,5270450.0,16.85,16.85,16.5,16.65,-0.2,107.0
6117,迎廣,2011-03-29,62734.0,1043011.0,16.6,16.7,16.5,16.65,0.0,47.0
6117,迎廣,2011-03-30,122000.0,2048150.0,16.65,17.0,16.6,16.8,0.15,62.0
6117,迎廣,2011-03-31,69000.0,1171150.0,16.9,17.0,16.85,17.0,0.2,41.0
6117,迎廣,2011-04-01,224000.0,3838100.0,17.15,17.4,17.0,17.0,0.0,107.0
6117,迎廣,2011-04-06,103001.0,1765317.0,17.0,17.25,17.0,17.05,0.05,57.0
6117,迎廣,2011-04-07,45998.0,789013.0,17.25,17.25,17.05,17.1,0.05,32.0
6117,迎廣,2011-04-08,70000.0,1205500.0,17.15,17.45,17.1,17.2,0.1,45.0
6117,迎廣,2011-04-11,965000.0,16984950.0,17.25,17.85,17.05,17.35,0.15,279.0
6117,迎廣,2011-04-12,143000.0,2462600.0,17.3,17.3,17.15,17.2,-0.15,67.0
6117,迎廣,2011-04-13,94000.0,1619000.0,17.15,17.45,17.15,17.3,0.1,51.0
6117,迎廣,2011-04-14,116552.0,2014688.0,17.3,17.45,17.15,17.25,-0.05,61.0
6117,迎廣,2011-04-15,108000.0,1862400.0,17.3,17.35,17.1,17.15,-0.1,49.0
6117,迎廣,2011-04-18,107000.0,1828600.0,17.3,17.3,17.0,17.05,-0.1,50.0
6117,迎廣,2011-04-19,66180.0,1113805.0,16.8,16.95,16.7,16.8,-0.25,43.0
6117,迎廣,2011-04-20,112000.0,1902800.0,16.6,17.15,16.6,17.1,0.3,54.0
6117,迎廣,2011-04-21,100000.0,1717650.0,17.0,17.35,17.0,17.1,0.0,53.0
6117,迎廣,2011-04-22,89000.0,1534000.0,17.3,17.35,17.1,17.25,0.15,44.0
6117,迎廣,2011-04-25,95000.0,1623200.0,17.3,17.3,17.0,17.05,-0.2,52.0
6117,迎廣,2011-04-26,79030.0,1343060.0,17.0,17.15,16.9,17.05,0.0,56.0
6117,迎廣,2011-04-27,304124.0,5278718.0,17.2,17.6,17.2,17.2,0.15,147.0
6117,迎廣,2011-04-28,107180.0,1845550.0,17.3,17.3,17.05,17.05,-0.15,47.0
6117,迎廣,2011-04-29,165982.0,2815246.0,17.1,17.15,16.8,16.9,-0.15,67.0
6117,迎廣,2011-05-03,81495.0,1374216.0,16.9,17.05,16.8,16.85,-0.05,45.0
6117,迎廣,2011-05-04,128000.0,2149100.0,16.85,16.95,16.65,16.75,-0.1,69.0
6117,迎廣,2011-05-05,183990.0,3069084.0,16.75,16.8,16.65,16.65,-0.1,84.0
6117,迎廣,2011-05-06,56000.0,941250.0,16.65,16.9,16.65,16.9,0.25,45.0
6117,迎廣,2011-05-09,251000.0,4222900.0,16.8,17.1,16.7,16.85,-0.05,60.0
6117,迎廣,2011-05-10,95180.0,1591270.0,16.8,16.85,16.65,16.65,-0.2,55.0
6117,迎廣,2011-05-11,189823.0,3171661.0,16.55,16.9,16.55,16.75,0.1,76.0
6117,迎廣,2011-05-12,51000.0,855250.0,16.75,16.85,16.65,16.8,0.05,25.0
6117,迎廣,2011-05-13,56000.0,937250.0,16.9,16.9,16.65,16.8,0.0,39.0
6117,迎廣,2011-05-16,52180.0,871420.0,16.9,16.9,16.6,16.65,-0.15,40.0
6117,迎廣,2011-05-17,101000.0,1685900.0,16.65,16.8,16.6,16.6,-0.05,52.0
6117,迎廣,2011-05-18,72073.0,1199961.0,16.6,16.8,16.6,16.7,0.1,43.0
6117,迎廣,2011-05-19,39000.0,653250.0,16.7,16.85,16.7,16.7,0.0,22.0
6117,迎廣,2011-05-20,90022.0,1497167.0,16.7,16.8,16.55,16.55,-0.15,42.0
6117,迎廣,2011-05-23,137000.0,2227850.0,16.5,16.5,16.2,16.2,-0.35,65.0
6117,迎廣,2011-05-24,125000.0,2009000.0,16.25,16.25,16.0,16.0,-0.2,56.0
6117,迎廣,2011-05-25,25052.0,402992.0,16.05,16.15,16.05,16.05,0.05,22.0
6117,迎廣,2011-05-26,65540.0,1063167.0,16.1,16.4,16.1,16.1,0.05,44.0
6117,迎廣,2011-05-27,41000.0,662500.0,16.1,16.3,16.1,16.15,0.05,24.0
6117,迎廣,2011-05-30,67734.0,1093490.0,16.15,16.3,16.1,16.3,0.15,38.0
6117,迎廣,2011-05-31,77059.0,1260167.0,16.35,16.45,16.25,16.45,0.15,44.0
6117,迎廣,2011-06-01,289481.0,4768090.0,16.45,16.8,16.2,16.35,-0.1,102.0
6117,迎廣,2011-06-02,120000.0,1996050.0,16.35,16.95,16.35,16.7,0.35,78.0
6117,迎廣,2011-06-03,72495.0,1210217.0,16.75,16.8,16.6,16.6,-0.1,41.0
6117,迎廣,2011-06-07,76000.0,1258050.0,16.6,16.75,16.4,16.6,0.0,43.0
6117,迎廣,2011-06-08,78677.0,1299252.0,16.6,16.6,16.45,16.5,-0.1,43.0
6117,迎廣,2011-06-09,17572.0,290644.0,16.6,16.6,16.45,16.5,0.0,20.0
6117,迎廣,2011-06-10,50000.0,822200.0,16.6,16.6,16.4,16.4,-0.1,36.0
6117,迎廣,2011-06-13,103360.0,1688746.0,16.4,16.4,16.25,16.25,-0.15,35.0
6117,迎廣,2011-06-14,101000.0,1656250.0,16.3,16.6,16.25,16.55,0.3,48.0
6117,迎廣,2011-06-15,105180.0,1712848.0,16.6,16.6,16.15,16.2,-0.35,55.0
6117,迎廣,2011-06-16,38000.0,610200.0,16.1,16.1,16.0,16.05,-0.15,23.0
6117,迎廣,2011-06-17,87000.0,1392200.0,16.15,16.15,15.9,15.95,-0.1,33.0
6117,迎廣,2011-06-20,85000.0,1356550.0,15.95,16.05,15.85,15.9,-0.05,43.0
6117,迎廣,2011-06-21,93832.0,1485029.0,15.9,15.95,15.75,15.75,-0.15,43.0
6117,迎廣,2011-06-22,80362.0,1272333.0,15.75,16.0,15.75,15.8,0.05,44.0
6117,迎廣,2011-06-23,22500.0,354450.0,15.8,15.8,15.7,15.8,0.0,14.0
6117,迎廣,2011-06-24,56000.0,882900.0,15.8,15.9,15.7,15.7,-0.1,25.0
6117,迎廣,2011-06-27,37000.0,579300.0,15.7,15.8,15.6,15.8,0.1,26.0
6117,迎廣,2011-06-28,35000.0,553300.0,15.8,15.85,15.75,15.75,-0.05,22.0
6117,迎廣,2011-06-29,41000.0,652250.0,15.75,16.0,15.75,15.95,0.2,23.0
6117,迎廣,2011-06-30,44080.0,702864.0,15.85,16.0,15.85,15.9,-0.05,21.0
6117,迎廣,2011-07-01,37000.0,590700.0,15.85,16.15,15.85,15.9,0.0,20.0
6117,迎廣,2011-07-04,29101.0,462716.0,15.9,15.95,15.85,15.85,-0.05,20.0
6117,迎廣,2011-07-05,76708.0,1214335.0,15.85,15.95,15.8,15.9,0.05,33.0
6117,迎廣,2011-07-06,57000.0,906000.0,15.85,15.95,15.85,15.95,0.05,18.0
6117,迎廣,2011-07-07,41000.0,650900.0,15.9,15.95,15.85,15.85,-0.1,19.0
6117,迎廣,2011-07-08,40823.0,647453.0,15.85,15.9,15.85,15.9,0.05,25.0
6117,迎廣,2011-07-11,79100.0,1237865.0,15.8,15.85,15.5,15.5,-0.4,51.0
6117,迎廣,2011-07-12,258016.0,3864388.0,15.5,15.5,14.5,14.8,-0.7,87.0
6117,迎廣,2011-07-13,107810.0,1586713.0,14.95,14.95,14.45,14.5,-0.3,46.0
6117,迎廣,2011-07-14,90000.0,1306650.0,14.9,14.9,14.3,14.3,-0.2,58.0
6117,迎廣,2011-07-15,82180.0,1184592.0,14.2,14.55,14.2,14.55,0.25,55.0
6117,迎廣,2011-07-18,100200.0,1459020.0,14.55,14.9,14.45,14.5,-0.05,47.0
6117,迎廣,2011-07-19,62900.0,909019.0,14.5,14.5,14.35,14.4,-0.1,37.0
6117,迎廣,2011-07-20,60000.0,877800.0,14.55,14.85,14.45,14.85,0.45,40.0
6117,迎廣,2011-07-21,55018.0,813167.0,14.8,14.9,14.7,14.75,-0.1,14.0
6117,迎廣,2011-07-22,76000.0,1130700.0,14.8,15.0,14.75,14.9,0.15,34.0
6117,迎廣,2011-07-25,27006.0,399439.0,14.95,14.95,14.75,14.75,-0.15,19.0
6117,迎廣,2011-07-26,36000.0,535750.0,14.75,15.2,14.75,14.85,0.1,20.0
6117,迎廣,2011-07-27,27000.0,403200.0,14.85,15.0,14.85,14.95,0.1,20.0
6117,迎廣,2011-07-28,45180.0,673982.0,15.0,15.0,14.85,14.9,-0.05,25.0
6117,迎廣,2011-07-29,31000.0,458950.0,14.6,14.95,14.6,14.75,-0.15,14.0
6117,迎廣,2011-08-01,37005.0,544622.0,14.75,15.0,14.65,14.8,0.05,26.0
6117,迎廣,2011-08-02,37615.0,550128.0,14.7,14.7,14.55,14.7,-0.1,24.0
6117,迎廣,2011-08-03,65180.0,950718.0,14.65,14.75,14.5,14.6,-0.1,31.0
6117,迎廣,2011-08-04,60100.0,875689.0,14.5,14.85,14.45,14.5,0.0,32.0
6117,迎廣,2011-08-05,216000.0,2948450.0,14.3,14.3,13.5,13.9,-0.6,67.0
6117,迎廣,2011-08-08,440112.0,5707049.0,12.95,13.4,12.95,12.95,-0.95,99.0
6117,迎廣,2011-08-09,648007.0,7842188.0,12.05,12.5,12.05,12.5,-0.45,115.0
6117,迎廣,2011-08-10,127000.0,1641000.0,12.65,13.1,12.4,13.0,0.5,63.0
6117,迎廣,2011-08-11,186000.0,2331550.0,12.8,12.8,12.35,12.7,-0.3,43.0
6117,迎廣,2011-08-12,83008.0,1078104.0,13.35,13.35,12.85,12.9,0.2,40.0
6117,迎廣,2011-08-15,48000.0,622600.0,12.9,13.35,12.9,13.0,0.1,22.0
6117,迎廣,2011-08-16,101007.0,1324442.0,13.0,13.2,13.0,13.15,0.15,43.0
6117,迎廣,2011-08-17,60006.0,787978.0,13.35,13.35,13.0,13.0,-0.15,21.0
6117,迎廣,2011-08-18,227000.0,2963100.0,13.2,13.2,13.0,13.05,0.05,42.0
6117,迎廣,2011-08-19,144000.0,1853150.0,12.6,13.15,12.5,13.05,0.0,43.0
6117,迎廣,2011-08-22,74180.0,962221.0,12.5,13.4,12.5,13.0,-0.05,39.0
6117,迎廣,2011-08-23,253000.0,3497950.0,13.1,13.9,12.85,13.9,0.9,49.0
6117,迎廣,2011-08-24,768900.0,11379265.0,14.75,14.85,14.6,14.85,0.95,243.0
6117,迎廣,2011-08-25,729000.0,10745550.0,14.85,14.95,14.25,14.55,-0.3,279.0
6117,迎廣,2011-08-26,169236.0,2456548.0,14.35,14.75,14.35,14.5,-0.05,94.0
6117,迎廣,2011-08-29,149028.0,2215510.0,14.7,15.1,14.4,14.85,0.35,90.0
6117,迎廣,2011-08-30,86000.0,1272350.0,15.0,15.0,14.65,14.8,-0.05,45.0
6117,迎廣,2011-08-31,85002.0,1258479.0,14.8,15.15,14.7,14.8,0.0,53.0
6117,迎廣,2011-09-01,93090.0,1375914.0,15.0,15.0,14.75,14.75,-0.05,53.0
6117,迎廣,2011-09-02,66089.0,970412.0,14.75,14.85,14.6,14.75,0.0,32.0
6117,迎廣,2011-09-05,131000.0,1971400.0,14.55,15.6,14.55,15.05,0.3,72.0
6117,迎廣,2011-09-06,47200.0,699080.0,15.0,15.0,14.7,14.75,-0.3,30.0
6117,迎廣,2011-09-07,28209.0,418022.0,14.85,15.0,14.7,14.8,0.05,20.0
6117,迎廣,2011-09-08,33100.0,495780.0,14.9,15.1,14.85,14.95,0.15,24.0
6117,迎廣,2011-09-09,33000.0,487650.0,14.7,14.95,14.7,14.85,-0.1,24.0
6117,迎廣,2011-09-13,87000.0,1303750.0,15.05,15.05,14.85,14.85,0.0,33.0
6117,迎廣,2011-09-14,69000.0,1033400.0,15.1,15.2,14.75,14.8,-0.05,49.0
6117,迎廣,2011-09-15,101100.0,1499875.0,15.15,15.15,14.7,14.75,-0.05,49.0
6117,迎廣,2011-09-16,65009.0,976235.0,14.95,15.2,14.9,14.95,0.2,44.0
6117,迎廣,2011-09-19,51000.0,761350.0,15.0,15.0,14.8,15.0,0.05,29.0
6117,迎廣,2011-09-20,113000.0,1699450.0,15.0,15.2,14.9,15.2,0.2,34.0
6117,迎廣,2011-09-21,64000.0,963500.0,15.4,15.4,14.95,15.0,-0.2,28.0
6117,迎廣,2011-09-22,36000.0,535800.0,14.85,15.1,14.8,14.9,-0.1,19.0
6117,迎廣,2011-09-23,102180.0,1493460.0,14.8,14.95,14.5,14.65,-0.25,49.0
6117,迎廣,2011-09-26,93000.0,1368000.0,14.65,14.8,14.65,14.65,0.0,38.0
6117,迎廣,2011-09-27,76280.0,1129388.0,15.15,15.15,14.75,14.75,0.1,32.0
6117,迎廣,2011-09-28,32000.0,471750.0,14.8,14.8,14.65,14.65,-0.1,16.0
6117,迎廣,2011-09-29,53000.0,781750.0,14.7,14.9,14.7,14.7,0.05,17.0
6117,迎廣,2011-09-30,53000.0,776500.0,14.7,14.75,14.6,14.75,0.05,22.0
6117,迎廣,2011-10-03,58000.0,840300.0,14.7,14.75,14.3,14.4,-0.35,23.0
6117,迎廣,2011-10-04,55000.0,783050.0,14.3,14.4,14.15,14.25,-0.15,18.0
6117,迎廣,2011-10-05,29000.0,411200.0,14.25,14.4,14.05,14.05,-0.2,20.0
6117,迎廣,2011-10-06,61360.0,898470.0,14.4,14.7,14.35,14.6,0.55,18.0
6117,迎廣,2011-10-07,27000.0,402500.0,14.9,15.3,14.6,14.9,0.3,17.0
6117,迎廣,2011-10-11,17000.0,250900.0,14.7,14.9,14.7,14.8,-0.1,7.0
6117,迎廣,2011-10-12,35000.0,520400.0,15.0,15.0,14.7,14.75,-0.05,18.0
6117,迎廣,2011-10-13,33360.0,485334.0,14.55,14.6,14.5,14.5,-0.25,22.0
6117,迎廣,2011-10-14,44000.0,635250.0,14.6,14.65,14.3,14.35,-0.15,27.0
6117,迎廣,2011-10-17,11000.0,159750.0,14.4,14.6,14.4,14.6,0.25,11.0
6117,迎廣,2011-10-18,29042.0,415952.0,14.4,14.45,14.2,14.35,-0.25,27.0
6117,迎廣,2011-10-19,22000.0,314450.0,14.35,14.45,14.25,14.25,-0.1,14.0
6117,迎廣,2011-10-20,23231.0,331541.0,14.3,14.35,14.2,14.2,-0.05,17.0
6117,迎廣,2011-10-21,16000.0,230500.0,14.2,14.5,14.2,14.3,0.1,15.0
6117,迎廣,2011-10-24,61000.0,892200.0,14.5,14.7,14.5,14.65,0.35,27.0
6117,迎廣,2011-10-25,17000.0,248350.0,14.6,14.7,14.55,14.7,0.05,13.0
6117,迎廣,2011-10-26,28607.0,412201.0,14.55,14.65,14.35,14.65,-0.05,23.0
6117,迎廣,2011-10-27,34011.0,496811.0,14.5,14.7,14.45,14.65,0.0,28.0
6117,迎廣,2011-10-28,47000.0,693150.0,14.85,14.9,14.65,14.65,0.0,23.0
6117,迎廣,2011-10-31,60000.0,883400.0,14.4,14.8,14.4,14.7,0.05,32.0
6117,迎廣,2011-11-01,57000.0,860050.0,15.2,15.2,15.0,15.0,0.3,40.0
6117,迎廣,2011-11-02,121000.0,1806900.0,14.9,15.2,14.75,14.9,-0.1,36.0
6117,迎廣,2011-11-03,46000.0,690550.0,14.75,15.2,14.75,15.0,0.1,24.0
6117,迎廣,2011-11-04,271290.0,4340804.0,15.5,16.05,15.5,16.05,1.05,112.0
6117,迎廣,2011-11-07,687118.0,11342031.0,16.7,17.0,15.8,16.05,0.0,321.0
6117,迎廣,2011-11-08,221492.0,3510222.0,16.25,16.25,15.65,15.9,-0.15,117.0
6117,迎廣,2011-11-09,127360.0,2023624.0,15.95,16.0,15.75,15.9,0.0,63.0
6117,迎廣,2011-11-10,188009.0,2894786.0,15.8,15.9,14.95,15.1,-0.8,73.0
6117,迎廣,2011-11-11,52007.0,786806.0,15.1,15.2,15.05,15.1,0.0,31.0
6117,迎廣,2011-11-14,125080.0,1979114.0,15.1,16.15,15.1,15.8,0.7,66.0
6117,迎廣,2011-11-15,57107.0,895269.0,15.8,15.85,15.6,15.7,-0.1,28.0
6117,迎廣,2011-11-16,113000.0,1750400.0,15.75,16.0,14.8,15.4,-0.3,60.0
6117,迎廣,2011-11-17,42000.0,648500.0,15.5,15.55,15.05,15.35,-0.05,23.0
6117,迎廣,2011-11-18,58416.0,882490.0,14.9,15.35,14.9,15.1,-0.25,34.0
6117,迎廣,2011-11-21,124154.0,1789421.0,15.15,15.15,14.1,14.2,-0.9,43.0
6117,迎廣,2011-11-22,157000.0,2116650.0,13.8,13.9,13.25,13.3,-0.9,73.0
6117,迎廣,2011-11-23,91000.0,1202050.0,13.3,13.5,12.55,12.85,-0.45,48.0
6117,迎廣,2011-11-24,68000.0,895400.0,12.1,13.6,12.1,13.3,0.45,32.0
6117,迎廣,2011-11-25,75000.0,980800.0,12.9,13.45,12.9,13.3,0.0,43.0
6117,迎廣,2011-11-28,52000.0,697650.0,12.45,13.8,12.45,13.4,0.1,32.0
6117,迎廣,2011-11-29,24820.0,335029.0,13.5,13.7,13.35,13.4,0.0,16.0
6117,迎廣,2011-11-30,78823.0,1049995.0,13.4,13.4,13.1,13.4,0.0,39.0
6117,迎廣,2011-12-01,148000.0,2045800.0,13.95,14.3,13.55,14.1,0.7,54.0
6117,迎廣,2011-12-02,37000.0,502200.0,13.5,14.1,13.5,13.5,-0.6,26.0
6117,迎廣,2011-12-05,36000.0,482700.0,13.5,13.55,13.3,13.35,-0.15,18.0
6117,迎廣,2011-12-06,33000.0,439000.0,13.4,13.4,13.25,13.3,-0.05,16.0
6117,迎廣,2011-12-07,39000.0,508650.0,13.6,13.6,12.8,12.9,-0.4,31.0
6117,迎廣,2011-12-08,121000.0,1541700.0,13.0,13.0,12.5,13.0,0.1,52.0
6117,迎廣,2011-12-09,10000.0,129900.0,13.0,13.0,12.95,12.95,-0.05,6.0
6117,迎廣,2011-12-12,166000.0,2268500.0,13.05,13.85,12.65,13.85,0.9,55.0
6117,迎廣,2011-12-13,581000.0,8350700.0,14.25,14.7,14.05,14.05,0.2,263.0
6117,迎廣,2011-12-14,124000.0,1684200.0,13.3,14.05,13.3,13.55,-0.5,72.0
6117,迎廣,2011-12-15,58000.0,776550.0,13.5,13.5,13.25,13.4,-0.15,37.0
6117,迎廣,2011-12-16,25000.0,333500.0,13.35,13.35,13.3,13.3,-0.1,14.0
6117,迎廣,2011-12-19,34000.0,444200.0,13.2,13.2,12.9,12.9,-0.4,17.0
6117,迎廣,2011-12-20,64100.0,826760.0,12.8,13.0,12.8,13.0,0.1,37.0
6117,迎廣,2011-12-21,71000.0,946050.0,13.5,13.5,13.2,13.35,0.35,38.0
6117,迎廣,2011-12-22,54360.0,707408.0,13.15,13.15,12.9,12.9,-0.45,37.0
6117,迎廣,2011-12-23,130000.0,1706050.0,13.2,13.2,13.0,13.15,0.25,50.0
6117,迎廣,2011-12-26,63000.0,829750.0,13.4,13.4,13.1,13.2,0.05,25.0
6117,迎廣,2011-12-27,26000.0,339750.0,13.0,13.2,13.0,13.1,-0.1,14.0
6117,迎廣,2011-12-28,41541.0,543728.0,13.1,13.2,13.05,13.05,-0.05,23.0
6117,迎廣,2011-12-29,52000.0,676200.0,13.0,13.2,13.0,13.0,-0.05,15.0
6117,迎廣,2011-12-30,58000.0,759650.0,13.2,13.2,13.05,13.1,0.1,27.0
6117,迎廣,2012-01-02,29030.0,377093.0,13.0,13.0,12.95,13.0,-0.1,17.0
6117,迎廣,2012-01-03,14000.0,183950.0,13.05,13.25,13.05,13.15,0.15,9.0
6117,迎廣,2012-01-04,40000.0,521350.0,13.15,13.15,13.0,13.1,-0.05,21.0
6117,迎廣,2012-01-05,21000.0,276350.0,13.1,13.2,13.1,13.15,0.05,13.0
6117,迎廣,2012-01-06,18000.0,235750.0,13.15,13.15,13.05,13.15,0.0,10.0
6117,迎廣,2012-01-09,64000.0,829900.0,13.0,13.05,12.9,12.95,-0.2,19.0
6117,迎廣,2012-01-10,85000.0,1115450.0,12.95,13.2,12.95,13.1,0.15,30.0
6117,迎廣,2012-01-11,54010.0,718182.0,13.3,13.4,13.25,13.3,0.2,27.0
6117,迎廣,2012-01-12,63000.0,830500.0,13.3,13.3,13.0,13.1,-0.2,25.0
6117,迎廣,2012-01-13,33000.0,431350.0,13.1,13.2,13.0,13.2,0.1,13.0
6117,迎廣,2012-01-16,64000.0,838900.0,13.1,13.15,13.0,13.15,-0.05,19.0
6117,迎廣,2012-01-17,34360.0,451284.0,13.2,13.2,13.05,13.2,0.05,19.0
6117,迎廣,2012-01-18,113060.0,1511106.0,13.25,13.5,13.25,13.35,0.15,40.0
6117,迎廣,2012-01-30,47400.0,645720.0,13.55,13.9,13.5,13.9,0.55,27.0
6117,迎廣,2012-01-31,115050.0,1651127.0,14.3,14.5,13.9,14.45,0.55,37.0
6117,迎廣,2012-02-01,67483.0,967907.0,14.0,14.5,14.0,14.45,0.0,51.0
6117,迎廣,2012-02-02,123000.0,1812700.0,14.5,15.05,14.5,14.75,0.3,60.0
6117,迎廣,2012-02-03,190911.0,2866587.0,14.85,15.35,14.7,14.85,0.1,81.0
6117,迎廣,2012-02-04,147740.0,2236315.0,15.1,15.4,14.75,14.75,-0.1,77.0
6117,迎廣,2012-02-06,116000.0,1738500.0,14.75,15.25,14.75,15.1,0.35,39.0
6117,迎廣,2012-02-07,80029.0,1200883.0,15.2,15.2,14.7,14.85,-0.25,42.0
6117,迎廣,2012-02-08,119035.0,1795476.0,15.0,15.2,15.0,15.05,0.2,46.0
6117,迎廣,2012-02-09,113065.0,1698575.0,15.15,15.15,15.0,15.0,-0.05,30.0
6117,迎廣,2012-02-10,241846.0,3721277.0,15.25,15.8,15.1,15.5,0.5,101.0
6117,迎廣,2012-02-13,50039.0,780909.0,15.5,15.7,15.5,15.65,0.15,34.0
6117,迎廣,2012-02-14,97015.0,1499082.0,15.55,15.7,15.35,15.5,-0.15,27.0
6117,迎廣,2012-02-15,193591.0,3075495.0,15.5,16.3,15.5,16.0,0.5,93.0
6117,迎廣,2012-02-16,68381.0,1077166.0,16.0,16.0,15.5,15.5,-0.5,31.0
6117,迎廣,2012-02-17,78000.0,1204600.0,15.6,15.6,15.25,15.25,-0.25,36.0
6117,迎廣,2012-02-20,53135.0,819206.0,15.35,15.7,15.3,15.7,0.45,32.0
6117,迎廣,2012-02-21,25012.0,384283.0,15.7,15.7,15.25,15.35,-0.35,21.0
6117,迎廣,2012-02-22,105221.0,1645958.0,15.4,15.8,15.4,15.75,0.4,48.0
6117,迎廣,2012-02-23,44903.0,700105.0,15.65,15.65,15.5,15.5,-0.25,15.0
6117,迎廣,2012-02-24,34180.0,527204.0,15.5,15.7,15.15,15.45,-0.05,25.0
6117,迎廣,2012-02-29,95634.0,1491627.0,15.6,15.8,15.5,15.6,0.15,29.0
6117,迎廣,2012-03-01,19540.0,304674.0,15.5,15.75,15.5,15.75,0.15,16.0
6117,迎廣,2012-03-02,190035.0,3040460.0,15.9,16.15,15.8,16.1,0.35,63.0
6117,迎廣,2012-03-03,88100.0,1417539.0,16.1,16.2,15.9,16.05,-0.05,36.0
6117,迎廣,2012-03-05,74584.0,1180164.0,16.2,16.2,15.7,15.8,-0.25,29.0
6117,迎廣,2012-03-06,84000.0,1291650.0,15.6,15.7,15.2,15.4,-0.4,33.0
6117,迎廣,2012-03-07,29000.0,441700.0,15.2,15.4,15.0,15.2,-0.2,18.0
6117,迎廣,2012-03-08,94000.0,1431600.0,15.2,15.5,14.85,15.5,0.3,24.0
6117,迎廣,2012-03-09,44911.0,695579.0,15.1,15.6,15.1,15.5,0.0,27.0
6117,迎廣,2012-03-12,26540.0,410016.0,15.5,15.55,15.35,15.55,0.05,14.0
6117,迎廣,2012-03-13,60460.0,939053.0,15.5,15.75,15.3,15.55,0.0,28.0
6117,迎廣,2012-03-14,146568.0,2324980.0,15.75,16.05,15.65,16.0,0.45,47.0
6117,迎廣,2012-03-15,104000.0,1653950.0,15.95,16.0,15.55,15.9,-0.1,29.0
6117,迎廣,2012-03-16,218000.0,3498400.0,15.9,16.15,15.9,16.05,0.15,61.0
6117,迎廣,2012-03-19,54090.0,865881.0,16.05,16.15,15.9,15.9,-0.15,22.0
6117,迎廣,2012-03-20,78000.0,1235850.0,16.0,16.0,15.75,15.8,-0.1,20.0
6117,迎廣,2012-03-21,35000.0,554050.0,15.4,16.0,15.4,16.0,0.2,15.0
6117,迎廣,2012-03-22,76000.0,1212500.0,16.0,16.0,15.85,16.0,0.0,31.0
6117,迎廣,2012-03-23,181400.0,2979520.0,16.45,16.7,16.1,16.65,0.65,59.0
6117,迎廣,2012-03-26,108000.0,1746850.0,16.65,16.65,16.1,16.2,-0.45,40.0
6117,迎廣,2012-03-27,71000.0,1152650.0,16.3,16.3,16.2,16.25,0.05,23.0
6117,迎廣,2012-03-28,19033.0,304674.0,16.1,16.1,15.95,16.0,-0.25,14.0
6117,迎廣,2012-03-29,206000.0,3210400.0,15.65,15.9,15.3,15.85,-0.15,33.0
6117,迎廣,2012-03-30,12525.0,193787.0,15.5,15.7,15.35,15.6,-0.25,13.0
6117,迎廣,2012-04-02,6000.0,92850.0,15.55,15.55,15.4,15.4,-0.2,6.0
6117,迎廣,2012-04-03,52364.0,805382.0,15.5,15.55,15.1,15.35,-0.05,35.0
6117,迎廣,2012-04-05,12103.0,178764.0,15.1,15.1,14.6,14.85,-0.5,11.0
6117,迎廣,2012-04-06,11000.0,163550.0,14.85,14.95,14.85,14.85,0.0,10.0
6117,迎廣,2012-04-09,18000.0,268750.0,14.9,15.0,14.7,14.7,-0.15,14.0
6117,迎廣,2012-04-10,191823.0,3000138.0,15.6,15.7,15.3,15.7,1.0,68.0
6117,迎廣,2012-04-11,22803.0,352284.0,15.5,15.5,15.3,15.4,-0.3,14.0
6117,迎廣,2012-04-12,30000.0,461600.0,15.2,15.6,15.2,15.55,0.15,20.0
6117,迎廣,2012-04-13,66000.0,1022850.0,15.55,15.6,15.45,15.45,-0.1,18.0
6117,迎廣,2012-04-16,2472.0,37871.0,15.25,15.4,15.25,15.4,-0.05,3.0
6117,迎廣,2012-04-17,7000.0,104450.0,15.0,15.0,14.85,15.0,-0.4,4.0
6117,迎廣,2012-04-18,7248.0,114018.0,15.6,15.9,15.6,15.9,0.9,7.0
6117,迎廣,2012-04-19,28007.0,437408.0,15.9,15.9,15.0,15.6,-0.3,12.0
6117,迎廣,2012-04-20,49000.0,770600.0,15.4,15.85,15.4,15.7,0.1,14.0
6117,迎廣,2012-04-23,9001.0,140065.0,15.9,15.9,15.25,15.7,0.0,9.0
6117,迎廣,2012-04-24,9000.0,135850.0,15.05,15.6,15.0,15.6,-0.1,8.0
6117,迎廣,2012-04-25,6001.0,92665.0,15.6,15.6,15.15,15.2,-0.4,7.0
6117,迎廣,2012-04-26,5000.0,76850.0,15.25,15.5,15.25,15.3,0.1,4.0
6117,迎廣,2012-04-27,23000.0,347800.0,15.2,15.2,15.0,15.0,-0.3,13.0
6117,迎廣,2012-04-30,8000.0,118900.0,15.0,15.0,14.75,15.0,0.0,6.0
6117,迎廣,2012-05-02,52212.0,798933.0,15.95,15.95,15.0,15.05,0.05,41.0
6117,迎廣,2012-05-03,14000.0,211300.0,15.05,15.15,15.0,15.0,-0.05,8.0
6117,迎廣,2012-05-04,18360.0,278067.0,15.15,15.2,15.1,15.15,0.15,13.0
6117,迎廣,2012-05-07,18000.0,266600.0,14.8,15.15,14.75,15.15,0.0,10.0
6117,迎廣,2012-05-08,8000.0,119150.0,14.65,15.25,14.65,15.25,0.1,8.0
6117,迎廣,2012-05-09,24000.0,352150.0,14.65,14.9,14.65,14.9,-0.35,11.0
6117,迎廣,2012-05-10,20000.0,290300.0,14.6,14.6,14.4,14.4,-0.5,11.0
6117,迎廣,2012-05-11,95000.0,1329450.0,14.45,14.45,13.9,14.0,-0.4,26.0
6117,迎廣,2012-05-14,7000.0,95850.0,14.05,14.05,13.5,13.5,-0.5,7.0
6117,迎廣,2012-05-15,10540.0,142336.0,13.6,13.6,13.5,13.5,0.0,7.0
6117,迎廣,2012-05-16,19000.0,256200.0,13.5,13.55,13.4,13.4,-0.1,11.0
6117,迎廣,2012-05-17,17000.0,230800.0,13.55,13.6,13.4,13.6,0.2,12.0
6117,迎廣,2012-05-18,17000.0,228650.0,13.4,13.5,13.3,13.3,-0.3,12.0
6117,迎廣,2012-05-21,32080.0,424390.0,13.3,13.85,13.1,13.1,-0.2,20.0
6117,迎廣,2012-05-22,27000.0,365150.0,13.3,13.6,13.2,13.5,0.4,17.0
6117,迎廣,2012-05-23,20000.0,260350.0,13.2,13.2,12.95,13.0,-0.5,10.0
6117,迎廣,2012-05-24,41000.0,531850.0,13.05,13.1,12.8,12.8,-0.2,19.0
6117,迎廣,2012-05-25,54416.0,696982.0,12.85,12.85,12.75,12.8,0.0,21.0
6117,迎廣,2012-05-28,35026.0,445179.0,12.8,12.8,12.65,12.7,-0.1,23.0
6117,迎廣,2012-05-29,26000.0,337400.0,12.8,13.15,12.8,13.1,0.4,13.0
6117,迎廣,2012-05-30,42000.0,566200.0,12.85,13.75,12.85,13.15,0.05,20.0
6117,迎廣,2012-05-31,25000.0,333100.0,13.9,13.9,13.15,13.25,0.1,20.0
6117,迎廣,2012-06-01,21000.0,274550.0,13.35,13.35,13.0,13.05,-0.2,18.0
6117,迎廣,2012-06-04,27000.0,343800.0,12.55,13.45,12.5,13.45,0.4,17.0
6117,迎廣,2012-06-05,3000.0,40100.0,13.45,13.45,13.2,13.2,-0.25,3.0
6117,迎廣,2012-06-06,20150.0,262787.0,13.35,13.45,12.85,13.15,-0.05,20.0
6117,迎廣,2012-06-07,30000.0,391400.0,13.15,13.25,12.85,12.9,-0.25,20.0
6117,迎廣,2012-06-08,46000.0,581200.0,12.8,12.85,12.45,12.8,-0.1,28.0
6117,迎廣,2012-06-11,39000.0,488300.0,12.8,12.8,12.4,12.4,-0.4,14.0
6117,迎廣,2012-06-12,19000.0,235100.0,12.4,12.45,12.3,12.35,-0.05,12.0
6117,迎廣,2012-06-13,13000.0,161100.0,12.4,12.45,12.35,12.35,0.0,9.0
6117,迎廣,2012-06-14,6033.0,75615.0,12.7,12.7,12.5,12.5,0.15,4.0
6117,迎廣,2012-06-15,2058.0,26027.0,12.65,12.65,12.65,12.65,0.15,4.0
6117,迎廣,2012-06-18,7000.0,91500.0,13.2,13.2,13.0,13.05,0.4,7.0
6117,迎廣,2012-06-19,2127.0,27131.0,12.75,12.75,12.75,12.75,-0.3,4.0
6117,迎廣,2012-06-20,2000.0,26050.0,13.05,13.05,13.0,13.0,0.25,2.0
6117,迎廣,2012-06-21,13001.0,165162.0,12.75,12.95,12.55,12.85,-0.15,13.0
6117,迎廣,2012-06-22,4008.0,50902.0,12.6,12.8,12.6,12.75,-0.1,5.0
6117,迎廣,2012-06-25,9003.0,113537.0,12.8,12.8,12.55,12.55,-0.2,11.0
6117,迎廣,2012-06-26,16005.0,195910.0,12.7,12.7,12.1,12.1,-0.45,15.0
6117,迎廣,2012-06-27,23083.0,279946.0,12.4,12.4,12.0,12.05,-0.05,22.0
6117,迎廣,2012-06-28,16001.0,195012.0,12.4,12.4,12.15,12.15,0.1,12.0
6117,迎廣,2012-06-29,15000.0,181650.0,12.1,12.25,12.1,12.25,0.1,8.0
6117,迎廣,2012-07-02,5000.0,61400.0,12.2,12.35,12.2,12.25,0.0,5.0
6117,迎廣,2012-07-03,12001.0,148262.0,12.35,12.4,12.3,12.4,0.15,10.0
6117,迎廣,2012-07-04,30542.0,384932.0,12.65,12.85,12.4,12.8,0.4,24.0
6117,迎廣,2012-07-05,12363.0,154350.0,12.4,12.65,12.4,12.45,-0.35,15.0
6117,迎廣,2012-07-06,4001.0,49812.0,12.4,12.55,12.4,12.55,0.1,5.0
6117,迎廣,2012-07-09,10280.0,128735.0,12.5,12.55,12.5,12.55,0.0,10.0
6117,迎廣,2012-07-10,7000.0,87450.0,12.5,12.55,12.4,12.55,0.0,4.0
6117,迎廣,2012-07-11,12180.0,152100.0,12.45,12.75,12.45,12.6,0.05,9.0
6117,迎廣,2012-07-12,22236.0,276526.0,12.45,12.55,12.35,12.55,-0.05,12.0
6117,迎廣,2012-07-13,14000.0,172700.0,12.4,12.45,12.25,12.45,-0.1,8.0
6117,迎廣,2012-07-16,38008.0,458446.0,12.1,12.25,12.0,12.1,-0.35,15.0
6117,迎廣,2012-07-17,18901.0,228891.0,12.0,12.35,12.0,12.25,0.15,14.0
6117,迎廣,2012-07-18,16001.0,193462.0,12.1,12.2,12.05,12.05,-0.2,15.0
6117,迎廣,2012-07-19,47000.0,568250.0,12.3,12.3,12.05,12.15,0.1,16.0
6117,迎廣,2012-07-20,10091.0,123010.0,12.2,12.25,12.15,12.25,0.1,9.0
6117,迎廣,2012-07-23,38001.0,456662.0,12.1,12.2,11.65,12.15,-0.1,19.0
6117,迎廣,2012-07-24,15000.0,179500.0,12.0,12.1,11.8,12.1,-0.05,7.0
6117,迎廣,2012-07-25,2416.0,29033.0,12.0,12.0,12.0,12.0,-0.1,3.0
6117,迎廣,2012-07-26,21000.0,252300.0,12.0,12.05,12.0,12.05,0.05,10.0
6117,迎廣,2012-07-27,29115.0,349247.0,12.05,12.05,11.85,12.05,0.0,21.0
6117,迎廣,2012-07-30,16002.0,188372.0,11.6,11.95,11.6,11.8,0.0,17.0
6117,迎廣,2012-07-31,7100.0,88880.0,12.55,12.55,12.4,12.4,0.6,6.0
6117,迎廣,2012-08-01,5000.0,60600.0,12.2,12.2,12.1,12.1,-0.3,3.0
6117,迎廣,2012-08-03,8000.0,96650.0,12.05,12.1,12.05,12.1,0.0,4.0
6117,迎廣,2012-08-06,5000.0,60300.0,12.5,12.5,11.8,12.2,0.1,4.0
6117,迎廣,2012-08-07,1800.0,21829.0,12.15,12.15,12.15,12.15,-0.05,3.0
6117,迎廣,2012-08-08,11000.0,130800.0,11.9,11.9,11.85,11.9,-0.25,11.0
6117,迎廣,2012-08-09,3180.0,38110.0,11.9,12.05,11.9,12.05,0.15,4.0
6117,迎廣,2012-08-10,1000.0,12450.0,12.45,12.45,12.45,12.45,0.4,1.0
6117,迎廣,2012-08-13,3010.0,37874.0,12.85,12.85,12.45,12.45,0.0,4.0
6117,迎廣,2012-08-14,22000.0,270950.0,12.45,12.7,12.2,12.3,-0.15,13.0
6117,迎廣,2012-08-15,20000.0,246250.0,12.45,12.45,12.3,12.3,0.0,11.0
6117,迎廣,2012-08-16,13000.0,156500.0,12.5,12.5,12.0,12.0,-0.3,10.0
6117,迎廣,2012-08-17,8553.0,103786.0,12.45,12.45,12.1,12.1,0.1,6.0
6117,迎廣,2012-08-20,35391.0,431592.0,12.25,12.35,12.05,12.05,-0.05,22.0
6117,迎廣,2012-08-21,33000.0,400900.0,12.1,12.3,12.1,12.15,0.1,13.0
6117,迎廣,2012-08-22,9911.0,122455.0,12.15,12.4,12.15,12.4,0.25,10.0
6117,迎廣,2012-08-23,16000.0,198500.0,12.25,12.55,12.25,12.55,0.15,14.0
6117,迎廣,2012-08-24,10592.0,130170.0,12.3,12.4,12.25,12.35,-0.2,9.0
6117,迎廣,2012-08-27,30406.0,373518.0,12.35,12.35,12.3,12.3,-0.05,17.0
6117,迎廣,2012-08-28,19902.0,242263.0,12.3,12.3,12.05,12.2,-0.1,14.0
6117,迎廣,2012-08-29,33900.0,414040.0,12.05,12.7,12.0,12.2,0.0,26.0
6117,迎廣,2012-08-30,8000.0,96250.0,12.0,12.1,12.0,12.1,-0.1,8.0
6117,迎廣,2012-08-31,9000.0,108100.0,12.05,12.05,11.95,12.05,-0.05,8.0
6117,迎廣,2012-09-03,34911.0,415149.0,12.05,12.05,11.8,11.9,-0.15,22.0
6117,迎廣,2012-09-04,7000.0,83850.0,11.85,12.1,11.85,12.1,0.2,4.0
6117,迎廣,2012-09-05,22000.0,261650.0,12.0,12.0,11.8,11.95,-0.15,16.0
6117,迎廣,2012-09-06,18002.0,210873.0,11.85,11.85,11.65,11.85,-0.1,18.0
6117,迎廣,2012-09-07,23000.0,275200.0,11.9,12.15,11.9,12.15,0.3,14.0
6117,迎廣,2012-09-10,30006.0,358872.0,12.0,12.1,11.85,12.1,-0.05,17.0
6117,迎廣,2012-09-11,13180.0,158860.0,12.1,12.25,12.0,12.1,0.0,11.0
6117,迎廣,2012-09-12,13109.0,158108.0,12.15,12.15,12.0,12.05,-0.05,10.0
6117,迎廣,2012-09-13,27000.0,326000.0,12.05,12.2,12.0,12.05,0.0,16.0
6117,迎廣,2012-09-14,66000.0,796400.0,12.1,12.15,12.0,12.15,0.1,27.0
6117,迎廣,2012-09-17,22008.0,264595.0,12.15,12.15,12.0,12.0,-0.15,18.0
6117,迎廣,2012-09-18,37000.0,448600.0,12.1,12.2,12.05,12.1,0.1,24.0
6117,迎廣,2012-09-19,39000.0,474600.0,12.2,12.25,12.1,12.1,0.0,29.0
6117,迎廣,2012-09-20,57000.0,687850.0,12.2,12.3,11.9,12.05,-0.05,35.0
6117,迎廣,2012-09-21,25000.0,300800.0,12.0,12.1,12.0,12.1,0.05,18.0
6117,迎廣,2012-09-24,23100.0,277405.0,12.0,12.1,11.95,12.05,-0.05,14.0
6117,迎廣,2012-09-25,265000.0,3345000.0,12.0,12.85,12.0,12.4,0.35,116.0
6117,迎廣,2012-09-26,38000.0,464550.0,12.3,12.3,12.1,12.15,-0.25,27.0
6117,迎廣,2012-09-27,26000.0,317300.0,12.15,12.3,12.15,12.3,0.15,18.0
6117,迎廣,2012-09-28,23000.0,281150.0,12.15,12.3,12.15,12.25,-0.05,15.0
6117,迎廣,2012-10-01,10000.0,122700.0,12.35,12.35,12.25,12.25,0.0,8.0
6117,迎廣,2012-10-02,34000.0,415300.0,12.35,12.35,12.15,12.25,0.0,22.0
6117,迎廣,2012-10-03,214180.0,2714964.0,12.25,13.05,12.25,12.4,0.15,91.0
6117,迎廣,2012-10-04,59911.0,753287.0,12.3,12.7,12.3,12.6,0.2,34.0
6117,迎廣,2012-10-05,75000.0,950500.0,12.8,12.8,12.5,12.6,0.0,35.0
6117,迎廣,2012-10-08,74000.0,944950.0,12.6,12.85,12.6,12.8,0.2,42.0
6117,迎廣,2012-10-09,45000.0,572250.0,12.75,12.85,12.55,12.8,0.0,33.0
6117,迎廣,2012-10-11,14000.0,175600.0,12.55,12.7,12.5,12.7,-0.1,8.0
6117,迎廣,2012-10-12,39460.0,488404.0,12.55,12.55,12.15,12.5,-0.2,30.0
6117,迎廣,2012-10-15,22000.0,269000.0,12.3,12.3,12.05,12.3,-0.2,16.0
6117,迎廣,2012-10-16,11360.0,137756.0,12.1,12.2,12.05,12.2,-0.1,10.0
6117,迎廣,2012-10-17,92000.0,1090050.0,12.1,12.1,11.7,11.75,-0.45,43.0
6117,迎廣,2012-10-18,22000.0,259500.0,11.55,11.9,11.55,11.8,0.05,15.0
6117,迎廣,2012-10-19,17000.0,197250.0,11.6,11.65,11.6,11.65,-0.15,6.0
6117,迎廣,2012-10-22,21000.0,237650.0,11.65,11.65,11.15,11.45,-0.2,14.0
6117,迎廣,2012-10-23,11000.0,123300.0,11.2,11.25,11.15,11.25,-0.2,10.0
6117,迎廣,2012-10-24,19000.0,214800.0,11.15,11.6,11.1,11.5,0.25,15.0
6117,迎廣,2012-10-25,6463.0,73031.0,11.2,11.45,11.15,11.4,-0.1,6.0
6117,迎廣,2012-10-26,44000.0,486850.0,11.4,11.4,10.8,10.8,-0.6,19.0
6117,迎廣,2012-10-29,21412.0,233748.0,11.2,11.25,10.8,10.9,0.1,14.0
6117,迎廣,2012-10-30,4000.0,43800.0,10.9,11.0,10.9,11.0,0.1,3.0
6117,迎廣,2012-10-31,13120.0,143284.0,11.1,11.1,10.8,10.8,-0.2,7.0
6117,迎廣,2012-11-01,35900.0,382940.0,10.7,10.7,10.6,10.7,-0.1,15.0
6117,迎廣,2012-11-02,39100.0,423195.0,10.9,11.0,10.75,10.85,0.15,16.0
6117,迎廣,2012-11-05,28000.0,299800.0,10.7,10.85,10.65,10.75,-0.1,12.0
6117,迎廣,2012-11-06,17000.0,187000.0,10.8,11.05,10.8,11.05,0.3,10.0
6117,迎廣,2012-11-07,17000.0,189150.0,11.05,11.35,10.9,11.1,0.05,13.0
6117,迎廣,2012-11-08,16000.0,176700.0,11.1,11.1,10.9,11.0,-0.1,10.0
6117,迎廣,2012-11-09,5000.0,54550.0,10.75,11.05,10.75,10.95,-0.05,5.0
6117,迎廣,2012-11-12,19496.0,214304.0,11.0,11.05,10.95,10.95,0.0,14.0
6117,迎廣,2012-11-13,34395.0,367697.0,10.8,11.15,10.6,10.6,-0.35,20.0
6117,迎廣,2012-11-14,23080.0,246555.0,10.9,10.9,10.5,10.8,0.2,18.0
6117,迎廣,2012-11-15,23001.0,242610.0,10.45,10.75,10.4,10.55,-0.25,19.0
6117,迎廣,2012-11-16,19000.0,201900.0,10.5,10.7,10.5,10.55,0.0,11.0
6117,迎廣,2012-11-19,11001.0,117710.0,10.65,10.75,10.65,10.7,0.15,5.0
6117,迎廣,2012-11-20,1000.0,10950.0,10.95,10.95,10.95,10.95,0.25,1.0
6117,迎廣,2012-11-21,29000.0,309500.0,10.8,10.8,10.45,10.65,-0.3,15.0
6117,迎廣,2012-11-22,13000.0,137800.0,10.4,10.75,10.4,10.6,-0.05,10.0
6117,迎廣,2012-11-23,16050.0,172495.0,10.8,10.8,10.6,10.8,0.2,15.0
6117,迎廣,2012-11-26,5000.0,54700.0,10.9,10.95,10.9,10.95,0.15,4.0
6117,迎廣,2012-11-27,7001.0,75861.0,10.75,10.95,10.75,10.9,-0.05,6.0
6117,迎廣,2012-11-28,12000.0,128200.0,10.75,10.9,10.6,10.9,0.0,7.0
6117,迎廣,2012-11-29,40000.0,436150.0,10.9,11.0,10.8,11.0,0.1,21.0
6117,迎廣,2012-11-30,72000.0,778850.0,10.85,11.0,10.65,10.95,-0.05,46.0
6117,迎廣,2012-12-03,23001.0,252511.0,10.95,11.05,10.95,11.05,0.1,13.0
6117,迎廣,2012-12-04,12360.0,136646.0,11.0,11.15,10.85,11.15,0.1,11.0
6117,迎廣,2012-12-05,4000.0,44200.0,11.0,11.1,11.0,11.1,-0.05,4.0
6117,迎廣,2012-12-06,31000.0,346650.0,11.1,11.4,11.1,11.1,0.0,19.0
6117,迎廣,2012-12-07,5236.0,58369.0,11.15,11.15,11.15,11.15,0.05,3.0
6117,迎廣,2012-12-10,7000.0,77600.0,11.05,11.2,11.05,11.05,-0.1,7.0
6117,迎廣,2012-12-11,0.0,0.0,0.0,0.0,0.0,0.0,0.0,0.0
6117,迎廣,2012-12-12,15896.0,175206.0,11.05,11.1,11.0,11.1,0.0,8.0
6117,迎廣,2012-12-13,6000.0,66650.0,11.05,11.15,11.05,11.15,0.05,3.0
6117,迎廣,2012-12-14,15180.0,168948.0,11.15,11.2,11.0,11.2,0.05,10.0
6117,迎廣,2012-12-17,17000.0,189950.0,11.2,11.2,11.05,11.05,-0.15,9.0
6117,迎廣,2012-12-18,14000.0,154350.0,11.05,11.05,11.0,11.05,0.0,13.0
6117,迎廣,2012-12-19,5000.0,55250.0,11.0,11.2,11.0,11.2,0.15,5.0
6117,迎廣,2012-12-20,51001.0,564661.0,11.1,11.15,11.05,11.15,-0.05,8.0
6117,迎廣,2012-12-21,7000.0,76950.0,11.0,11.0,10.95,11.0,-0.15,6.0
6117,迎廣,2012-12-22,5000.0,55000.0,11.0,11.0,11.0,11.0,0.0,4.0
6117,迎廣,2012-12-24,51000.0,565450.0,11.05,11.1,11.0,11.05,0.05,12.0
6117,迎廣,2012-12-25,74000.0,829850.0,11.1,11.4,11.1,11.3,0.25,37.0
6117,迎廣,2012-12-26,59823.0,676399.0,11.15,11.45,11.15,11.4,0.1,16.0
6117,迎廣,2012-12-27,17000.0,193550.0,11.5,11.5,11.3,11.4,0.0,10.0
6117,迎廣,2012-12-28,12360.0,141954.0,11.45,11.5,11.4,11.5,0.1,6.0
6117,迎廣,2013-01-02,11005.0,126557.0,11.5,11.5,11.5,11.5,0.0,10.0
6117,迎廣,2013-01-03,4900.0,58030.0,11.9,11.9,11.8,11.8,0.3,4.0
6117,迎廣,2013-01-04,3000.0,35300.0,11.8,11.8,11.7,11.7,-0.1,3.0
6117,迎廣,2013-01-07,8000.0,91350.0,11.6,11.65,11.35,11.65,-0.05,6.0
6117,迎廣,2013-01-08,11000.0,125350.0,11.7,11.7,11.25,11.25,-0.4,11.0
6117,迎廣,2013-01-09,10360.0,115996.0,11.3,11.3,11.15,11.15,-0.1,11.0
6117,迎廣,2013-01-10,20000.0,226550.0,11.15,11.35,11.15,11.35,0.2,13.0
6117,迎廣,2013-01-11,43000.0,484650.0,11.35,11.45,11.2,11.4,0.05,16.0
6117,迎廣,2013-01-14,13000.0,147050.0,11.25,11.4,11.25,11.3,-0.1,11.0
6117,迎廣,2013-01-15,17000.0,192500.0,11.3,11.45,11.3,11.3,0.0,7.0
6117,迎廣,2013-01-16,42000.0,473850.0,11.3,11.3,11.25,11.25,-0.05,12.0
6117,迎廣,2013-01-17,4000.0,45300.0,11.25,11.4,11.25,11.4,0.15,4.0
6117,迎廣,2013-01-18,9000.0,99900.0,11.1,11.4,11.05,11.4,0.0,7.0
6117,迎廣,2013-01-21,0.0,0.0,0.0,0.0,0.0,0.0,0.0,0.0
6117,迎廣,2013-01-22,5180.0,57966.0,11.15,11.25,11.15,11.25,0.0,6.0
6117,迎廣,2013-01-23,8000.0,89900.0,11.2,11.3,11.2,11.2,-0.05,6.0
6117,迎廣,2013-01-24,10000.0,111250.0,11.15,11.2,11.1,11.1,-0.1,9.0
6117,迎廣,2013-01-25,136015.0,1597677.0,11.35,11.85,11.25,11.85,0.75,67.0
6117,迎廣,2013-01-28,207000.0,2618550.0,12.65,12.65,12.65,12.65,0.8,66.0
6117,迎廣,2013-01-29,540000.0,7018750.0,13.1,13.15,12.7,13.05,0.4,219.0
6117,迎廣,2013-01-30,835020.0,11350168.0,13.05,13.95,12.95,13.3,0.25,367.0
6117,迎廣,2013-01-31,397000.0,5425300.0,13.55,13.95,13.25,13.6,0.3,178.0
6117,迎廣,2013-02-01,170000.0,2289100.0,13.6,13.85,13.4,13.4,-0.2,85.0
6117,迎廣,2013-02-04,126000.0,1692650.0,13.3,13.75,13.25,13.4,0.0,63.0
6117,迎廣,2013-02-05,221010.0,2949079.0,13.4,13.4,13.05,13.05,-0.35,80.0
6117,迎廣,2013-02-06,157055.0,1992087.0,13.05,13.05,12.5,12.5,-0.55,81.0
6117,迎廣,2013-02-18,162000.0,2022950.0,12.65,12.65,12.3,12.5,0.0,47.0
6117,迎廣,2013-02-19,127068.0,1623427.0,12.65,13.2,12.6,13.0,0.5,59.0
6117,迎廣,2013-02-20,111622.0,1448973.0,12.6,13.2,12.6,13.05,0.05,49.0
6117,迎廣,2013-02-21,40010.0,515528.0,12.8,13.0,12.8,12.9,-0.15,15.0
6117,迎廣,2013-02-22,57180.0,741122.0,12.9,13.1,12.8,13.0,0.1,27.0
6117,迎廣,2013-02-23,25000.0,324900.0,13.0,13.0,12.95,13.0,0.0,12.0
6117,迎廣,2013-02-25,57000.0,729650.0,13.05,13.05,12.7,12.85,-0.15,29.0
6117,迎廣,2013-02-26,29000.0,374400.0,12.85,13.05,12.8,12.95,0.1,18.0
6117,迎廣,2013-02-27,36000.0,462250.0,12.8,12.95,12.75,12.85,-0.1,18.0
6117,迎廣,2013-03-01,103000.0,1312150.0,12.65,12.85,12.6,12.7,-0.15,31.0
6117,迎廣,2013-03-04,63000.0,806400.0,12.85,13.0,12.7,12.8,0.1,30.0
6117,迎廣,2013-03-05,46900.0,602815.0,12.8,13.0,12.75,12.9,0.1,24.0
6117,迎廣,2013-03-06,50100.0,650200.0,12.9,13.05,12.9,12.95,0.05,30.0
6117,迎廣,2013-03-07,45000.0,590600.0,12.9,13.4,12.8,12.95,0.0,24.0
6117,迎廣,2013-03-08,45911.0,603351.0,13.2,13.4,13.0,13.0,0.05,24.0
6117,迎廣,2013-03-11,68090.0,886183.0,13.0,13.2,12.85,13.05,0.05,27.0
6117,迎廣,2013-03-12,87000.0,1171350.0,12.85,13.9,12.85,13.15,0.1,38.0
6117,迎廣,2013-03-13,436055.0,6032822.0,13.35,14.05,13.35,14.05,0.9,135.0
6117,迎廣,2013-03-14,305236.0,4360154.0,14.35,14.65,13.8,14.15,0.1,148.0
6117,迎廣,2013-03-15,92000.0,1248400.0,14.35,14.35,13.35,13.65,-0.5,53.0
6117,迎廣,2013-03-18,164005.0,2166365.0,13.6,13.6,13.1,13.25,-0.4,59.0
6117,迎廣,2013-03-19,83720.0,1108968.0,13.25,13.35,13.15,13.2,-0.05,23.0
6117,迎廣,2013-03-20,53280.0,707702.0,13.1,13.45,13.1,13.4,0.2,28.0
6117,迎廣,2013-03-21,51399.0,692496.0,13.4,13.6,13.3,13.5,0.1,21.0
6117,迎廣,2013-03-22,265000.0,3487000.0,13.7,13.7,12.85,13.2,-0.3,64.0
6117,迎廣,2013-03-25,71000.0,928700.0,13.2,13.2,13.0,13.15,-0.05,36.0
6117,迎廣,2013-03-26,38000.0,497400.0,13.15,13.2,13.0,13.15,0.0,21.0
6117,迎廣,2013-03-27,115180.0,1527008.0,13.1,13.55,13.1,13.25,0.1,39.0
6117,迎廣,2013-03-28,80010.0,1070234.0,13.45,13.45,13.25,13.35,0.1,12.0
6117,迎廣,2013-03-29,15000.0,199150.0,13.35,13.35,13.15,13.3,-0.05,9.0
6117,迎廣,2013-04-01,11005.0,145115.0,13.2,13.3,13.1,13.1,-0.2,10.0
6117,迎廣,2013-04-02,103000.0,1376450.0,13.1,13.5,13.1,13.35,0.25,29.0
6117,迎廣,2013-04-03,228075.0,3069939.0,13.35,13.7,13.15,13.25,-0.1,43.0
6117,迎廣,2013-04-08,65000.0,864550.0,13.2,13.45,13.0,13.35,0.1,22.0
6117,迎廣,2013-04-09,194000.0,2607150.0,13.4,13.65,13.15,13.25,-0.1,35.0
6117,迎廣,2013-04-10,71000.0,945550.0,13.25,13.35,13.2,13.35,0.1,15.0
6117,迎廣,2013-04-11,123000.0,1652700.0,13.4,13.55,13.3,13.35,0.0,20.0
6117,迎廣,2013-04-12,406200.0,5618719.0,13.35,14.2,13.35,14.0,0.65,123.0
6117,迎廣,2013-04-15,80920.0,1103686.0,14.0,14.0,13.4,13.45,-0.55,43.0
6117,迎廣,2013-04-16,255180.0,3448403.0,13.3,13.75,13.3,13.45,0.0,33.0
6117,迎廣,2013-04-17,143000.0,1947750.0,13.45,13.75,13.45,13.5,0.05,34.0
6117,迎廣,2013-04-18,530000.0,7585500.0,13.65,14.4,13.5,14.4,0.9,125.0
6117,迎廣,2013-04-19,217725.0,3101300.0,14.4,14.45,14.0,14.1,-0.3,138.0
6117,迎廣,2013-04-22,120213.0,1708132.0,14.3,14.35,14.05,14.15,0.05,46.0
6117,迎廣,2013-04-23,75000.0,1057550.0,14.15,14.2,14.0,14.2,0.05,34.0
6117,迎廣,2013-04-24,59180.0,831961.0,14.2,14.2,13.9,14.0,-0.2,31.0
6117,迎廣,2013-04-25,315180.0,4660714.0,14.0,14.95,14.0,14.9,0.9,140.0
6117,迎廣,2013-04-26,146091.0,2140113.0,14.9,14.9,14.55,14.55,-0.35,68.0
6117,迎廣,2013-04-29,71150.0,1034324.0,14.55,14.55,14.5,14.55,0.0,31.0
6117,迎廣,2013-04-30,62027.0,903149.0,14.65,14.7,14.5,14.7,0.15,36.0
6117,迎廣,2013-05-02,106911.0,1618423.0,15.55,15.55,14.9,15.0,0.3,70.0
6117,迎廣,2013-05-03,51000.0,760050.0,15.0,15.0,14.8,15.0,0.0,26.0
6117,迎廣,2013-05-06,28080.0,420025.0,15.0,15.0,14.8,14.85,-0.15,15.0
6117,迎廣,2013-05-07,60910.0,885504.0,14.85,14.85,14.3,14.5,-0.35,34.0
6117,迎廣,2013-05-08,48999.0,718535.0,14.5,14.85,14.3,14.85,0.35,32.0
6117,迎廣,2013-05-09,28363.0,413713.0,14.9,14.9,14.55,14.55,-0.3,16.0
6117,迎廣,2013-05-10,99000.0,1425350.0,14.5,14.5,14.3,14.35,-0.2,23.0
6117,迎廣,2013-05-13,82253.0,1169642.0,14.3,14.35,14.05,14.35,0.0,43.0
6117,迎廣,2013-05-14,18000.0,257200.0,14.2,14.4,14.2,14.4,0.05,12.0
6117,迎廣,2013-05-15,61000.0,891400.0,14.45,14.95,14.3,14.75,0.35,42.0
6117,迎廣,2013-05-16,34432.0,497320.0,14.9,14.9,14.35,14.5,-0.25,29.0
6117,迎廣,2013-05-17,28160.0,402538.0,14.5,14.5,14.15,14.4,-0.1,26.0
6117,迎廣,2013-05-20,5180.0,73965.0,14.35,14.35,14.15,14.35,-0.05,6.0
6117,迎廣,2013-05-21,61115.0,870606.0,14.2,14.5,13.8,14.5,0.15,30.0
6117,迎廣,2013-05-22,25000.0,364600.0,14.4,14.6,14.4,14.6,0.1,15.0
6117,迎廣,2013-05-23,25300.0,363720.0,14.5,14.5,14.2,14.5,-0.1,15.0
6117,迎廣,2013-05-24,16000.0,229750.0,14.3,14.5,14.25,14.5,0.0,14.0
6117,迎廣,2013-05-27,18015.0,261167.0,14.5,14.6,14.45,14.6,0.1,16.0
6117,迎廣,2013-05-28,31505.0,462998.0,14.6,14.9,14.6,14.75,0.15,19.0
6117,迎廣,2013-05-29,68732.0,1014210.0,14.8,14.95,14.7,14.8,0.05,34.0
6117,迎廣,2013-05-30,48000.0,675550.0,13.8,14.6,13.8,14.3,-0.5,26.0
6117,迎廣,2013-05-31,48000.0,685300.0,14.35,14.4,14.15,14.3,0.0,27.0
6117,迎廣,2013-06-03,23093.0,331438.0,14.25,14.55,14.25,14.55,0.25,21.0
6117,迎廣,2013-06-04,31540.0,458953.0,14.55,14.6,14.4,14.55,0.0,19.0
6117,迎廣,2013-06-05,34000.0,500050.0,14.2,15.2,14.2,14.6,0.05,25.0
6117,迎廣,2013-06-06,4000.0,58200.0,14.5,14.6,14.5,14.6,0.0,3.0
6117,迎廣,2013-06-07,13053.0,191413.0,14.6,14.8,14.4,14.5,-0.1,9.0
6117,迎廣,2013-06-10,29000.0,419000.0,14.5,14.5,14.3,14.4,-0.1,12.0
6117,迎廣,2013-06-11,11000.0,156450.0,14.2,14.4,14.05,14.4,0.0,7.0
6117,迎廣,2013-06-13,5000.0,71250.0,14.2,14.35,14.2,14.35,-0.05,5.0
6117,迎廣,2013-06-14,3000.0,42200.0,14.1,14.1,14.0,14.1,-0.25,3.0
6117,迎廣,2013-06-17,121000.0,1716350.0,14.0,14.7,13.85,14.5,0.4,24.0
6117,迎廣,2013-06-18,22286.0,321268.0,14.5,14.5,14.2,14.5,0.0,14.0
6117,迎廣,2013-06-19,29000.0,421400.0,14.5,14.6,14.5,14.5,0.0,10.0
6117,迎廣,2013-06-20,104000.0,1500500.0,14.5,14.6,14.2,14.35,-0.15,25.0
6117,迎廣,2013-06-21,36000.0,516150.0,14.2,14.6,14.2,14.3,-0.05,26.0
6117,迎廣,2013-06-24,26000.0,370050.0,14.3,14.3,14.05,14.3,0.0,21.0
6117,迎廣,2013-06-25,59000.0,835750.0,14.3,14.35,13.9,14.3,0.0,33.0
6117,迎廣,2013-06-26,28800.0,405509.0,14.2,14.3,13.9,14.3,0.0,20.0
6117,迎廣,2013-06-27,66000.0,940900.0,14.3,14.6,14.05,14.1,-0.2,45.0
6117,迎廣,2013-06-28,152180.0,2199702.0,14.0,15.0,13.8,15.0,0.9,77.0
6117,迎廣,2013-07-01,73000.0,1092350.0,15.0,15.2,14.5,15.0,0.0,45.0
6117,迎廣,2013-07-02,43000.0,640700.0,14.9,15.05,14.75,14.75,-0.25,32.0
6117,迎廣,2013-07-03,19000.0,277250.0,14.65,14.75,14.5,14.5,-0.25,13.0
6117,迎廣,2013-07-04,30000.0,437900.0,14.7,14.7,14.35,14.35,-0.15,20.0
6117,迎廣,2013-07-05,15000.0,217900.0,14.55,14.6,14.4,14.4,0.05,9.0
6117,迎廣,2013-07-08,32000.0,454450.0,14.4,14.4,14.1,14.3,-0.1,19.0
6117,迎廣,2013-07-09,35000.0,500400.0,14.3,14.35,14.15,14.25,-0.05,21.0
6117,迎廣,2013-07-10,28000.0,395800.0,14.25,14.3,14.0,14.15,-0.1,21.0
6117,迎廣,2013-07-11,44000.0,623250.0,14.0,14.25,13.95,14.2,0.05,32.0
6117,迎廣,2013-07-12,25000.0,360100.0,14.3,14.5,14.25,14.4,0.2,20.0
6117,迎廣,2013-07-15,14180.0,204588.0,14.6,14.6,14.25,14.25,-0.15,12.0
6117,迎廣,2013-07-16,29000.0,416050.0,14.4,14.45,14.25,14.25,0.0,18.0
6117,迎廣,2013-07-17,65000.0,941700.0,14.1,14.7,14.1,14.45,0.2,32.0
6117,迎廣,2013-07-18,40000.0,583750.0,14.5,14.7,14.4,14.65,0.2,19.0
6117,迎廣,2013-07-19,76000.0,1123200.0,14.8,15.0,14.65,14.8,0.15,34.0
6117,迎廣,2013-07-22,11000.0,160050.0,14.55,14.55,14.55,14.55,-0.25,7.0
6117,迎廣,2013-07-23,19000.0,277800.0,14.5,14.9,14.5,14.65,0.1,15.0
6117,迎廣,2013-07-24,4000.0,58600.0,14.65,14.65,14.65,14.65,0.0,2.0
6117,迎廣,2013-07-25,0.0,0.0,0.0,0.0,0.0,0.0,0.0,0.0
6117,迎廣,2013-07-26,1000.0,14450.0,14.45,14.45,14.45,14.45,0.0,1.0
6117,迎廣,2013-07-29,24652.0,360449.0,14.2,15.0,14.2,14.95,0.5,12.0
6117,迎廣,2013-07-30,4425.0,64432.0,14.65,14.65,14.45,14.55,0.0,7.0
6117,迎廣,2013-07-31,27010.0,377836.0,14.0,14.0,13.85,13.85,-0.7,16.0
6117,迎廣,2013-08-01,36000.0,505600.0,13.85,14.25,13.85,13.85,0.0,11.0
6117,迎廣,2013-08-02,387770.0,5697813.0,13.95,14.8,13.95,14.6,0.75,134.0
6117,迎廣,2013-08-05,199230.0,2844616.0,14.5,14.6,14.1,14.1,-0.5,72.0
6117,迎廣,2013-08-06,61000.0,850800.0,14.0,14.2,13.85,13.85,-0.25,22.0
6117,迎廣,2013-08-07,185826.0,2618048.0,13.85,14.5,13.8,13.95,0.1,103.0
6117,迎廣,2013-08-08,108000.0,1495850.0,14.15,14.15,13.7,13.7,-0.25,43.0
6117,迎廣,2013-08-09,131300.0,1766510.0,13.7,13.85,13.0,13.1,-0.6,50.0
6117,迎廣,2013-08-12,33100.0,437050.0,13.2,13.4,13.0,13.0,-0.1,20.0
6117,迎廣,2013-08-13,178620.0,2446117.0,13.2,13.9,13.2,13.9,0.9,74.0
6117,迎廣,2013-08-14,70360.0,979595.0,14.1,14.15,13.75,13.75,-0.15,52.0
6117,迎廣,2013-08-15,32180.0,444007.0,13.9,14.1,13.75,13.75,0.0,13.0
6117,迎廣,2013-08-16,44000.0,607250.0,13.6,14.1,13.5,13.75,0.0,30.0
6117,迎廣,2013-08-19,19091.0,265846.0,13.95,14.2,13.8,13.8,0.05,16.0
6117,迎廣,2013-08-20,19618.0,280425.0,13.95,14.35,13.95,14.35,0.55,19.0
6117,迎廣,2013-08-22,85000.0,1217850.0,14.0,14.7,14.0,14.2,-0.15,32.0
6117,迎廣,2013-08-23,24360.0,346876.0,14.45,14.45,14.2,14.2,0.0,17.0
6117,迎廣,2013-08-26,22000.0,312650.0,14.25,14.25,14.15,14.2,0.0,10.0
6117,迎廣,2013-08-27,15966.0,226170.0,14.2,14.2,14.05,14.2,0.0,8.0
6117,迎廣,2013-08-28,55000.0,778650.0,14.2,14.2,14.0,14.2,0.0,18.0
6117,迎廣,2013-08-29,4180.0,58751.0,14.1,14.1,14.05,14.05,-0.15,5.0
6117,迎廣,2013-08-30,6180.0,86602.0,14.05,14.05,14.0,14.0,-0.05,7.0
6117,迎廣,2013-09-02,24540.0,345256.0,13.9,14.25,13.9,14.05,0.05,17.0
6117,迎廣,2013-09-03,68080.0,970270.0,14.3,14.4,14.15,14.15,0.1,25.0
6117,迎廣,2013-09-04,57914.0,832320.0,14.35,14.5,14.35,14.4,0.25,20.0
6117,迎廣,2013-09-05,12731.0,181457.0,14.3,14.3,14.2,14.2,-0.2,7.0
6117,迎廣,2013-09-06,42150.0,600872.0,14.15,14.4,14.15,14.2,0.0,19.0
6117,迎廣,2013-09-09,27008.0,387012.0,14.35,14.35,14.25,14.25,0.05,12.0
6117,迎廣,2013-09-10,23000.0,328000.0,14.1,14.35,14.1,14.35,0.1,12.0
6117,迎廣,2013-09-11,44000.0,615500.0,14.3,14.35,13.8,14.25,-0.1,14.0
6117,迎廣,2013-09-12,33000.0,468400.0,14.25,14.25,14.1,14.1,-0.15,12.0
6117,迎廣,2013-09-13,40247.0,555333.0,13.95,14.0,13.7,14.0,-0.1,20.0
6117,迎廣,2013-09-14,21495.0,300530.0,14.0,14.0,13.95,14.0,0.0,8.0
6117,迎廣,2013-09-16,18000.0,253850.0,14.0,14.2,14.0,14.2,0.2,11.0
6117,迎廣,2013-09-17,8180.0,114915.0,14.0,14.35,14.0,14.35,0.15,6.0
6117,迎廣,2013-09-18,16000.0,227900.0,14.3,14.3,14.2,14.2,-0.15,7.0
6117,迎廣,2013-09-23,7000.0,100000.0,14.2,14.5,14.2,14.5,0.3,4.0
6117,迎廣,2013-09-24,2923.0,41856.0,14.4,14.4,14.35,14.35,-0.15,5.0
6117,迎廣,2013-09-25,23000.0,328300.0,14.3,14.3,14.1,14.25,-0.1,5.0
6117,迎廣,2013-09-26,3000.0,42400.0,14.1,14.25,14.05,14.05,-0.2,3.0
6117,迎廣,2013-09-27,35000.0,492800.0,14.05,14.15,14.0,14.05,0.0,9.0
6117,迎廣,2013-09-30,50260.0,697661.0,14.05,14.1,13.75,13.8,-0.25,29.0
6117,迎廣,2013-10-01,58911.0,817330.0,13.9,14.05,13.8,13.8,0.0,13.0
6117,迎廣,2013-10-02,15000.0,209450.0,13.85,14.15,13.85,14.05,0.25,7.0
6117,迎廣,2013-10-03,68271.0,968921.0,14.1,14.4,14.0,14.25,0.2,24.0
6117,迎廣,2013-10-04,40080.0,566920.0,14.15,14.2,13.95,14.15,-0.1,10.0
6117,迎廣,2013-10-07,45000.0,623850.0,13.75,14.1,13.75,14.1,-0.05,23.0
6117,迎廣,2013-10-08,39000.0,552200.0,14.1,14.5,14.1,14.4,0.3,22.0
6117,迎廣,2013-10-09,1089.0,15627.0,14.35,14.35,14.35,14.35,-0.05,2.0
6117,迎廣,2013-10-11,9000.0,128850.0,14.5,14.5,13.9,14.4,0.05,7.0
6117,迎廣,2013-10-14,5000.0,70250.0,14.05,14.2,14.0,14.0,-0.4,5.0
6117,迎廣,2013-10-15,9731.0,138530.0,14.05,14.35,14.05,14.3,0.3,10.0
6117,迎廣,2013-10-16,15000.0,211600.0,14.0,14.25,14.0,14.25,-0.05,11.0
6117,迎廣,2013-10-17,72180.0,1046996.0,14.55,14.7,14.4,14.6,0.35,37.0
6117,迎廣,2013-10-18,86000.0,1273150.0,14.8,15.0,14.75,14.8,0.2,41.0
6117,迎廣,2013-10-21,26000.0,385600.0,14.85,14.85,14.8,14.8,0.0,6.0
6117,迎廣,2013-10-22,10000.0,144100.0,14.3,14.65,14.25,14.45,-0.35,10.0
6117,迎廣,2013-10-23,19000.0,272400.0,14.3,14.5,14.3,14.5,0.05,13.0
6117,迎廣,2013-10-24,27000.0,385800.0,14.45,14.45,14.2,14.4,-0.1,19.0
6117,迎廣,2013-10-25,8999.0,128936.0,14.35,14.5,14.35,14.5,0.1,5.0
6117,迎廣,2013-10-28,17367.0,247524.0,14.5,14.5,14.15,14.2,-0.3,11.0
6117,迎廣,2013-10-29,47000.0,666850.0,14.2,14.25,14.15,14.2,0.0,14.0
6117,迎廣,2013-10-30,31420.0,447438.0,14.35,14.5,14.0,14.05,-0.15,17.0
6117,迎廣,2013-10-31,44080.0,638198.0,14.3,14.8,14.3,14.45,0.4,23.0
6117,迎廣,2013-11-01,21000.0,303950.0,14.4,14.7,14.2,14.55,0.1,14.0
6117,迎廣,2013-11-04,31736.0,457942.0,14.6,14.7,13.9,14.7,0.15,27.0
6117,迎廣,2013-11-05,61000.0,903350.0,14.9,14.9,14.45,14.85,0.15,29.0
6117,迎廣,2013-11-06,93080.0,1402450.0,14.85,15.25,14.85,15.1,0.25,54.0
6117,迎廣,2013-11-07,158035.0,2416428.0,15.2,15.55,15.15,15.25,0.15,84.0
6117,迎廣,2013-11-08,243965.0,3812757.0,15.5,16.15,15.4,15.5,0.25,120.0
6117,迎廣,2013-11-11,106000.0,1599400.0,15.3,15.4,14.95,15.2,-0.3,41.0
6117,迎廣,2013-11-12,142002.0,2210631.0,15.2,15.75,15.0,15.6,0.4,87.0
6117,迎廣,2013-11-13,62000.0,967250.0,15.6,15.7,15.5,15.6,0.0,36.0
6117,迎廣,2013-11-14,53180.0,831140.0,15.6,16.0,15.5,15.6,0.0,24.0
6117,迎廣,2013-11-15,103000.0,1569050.0,15.55,15.6,14.75,14.75,-0.85,44.0
6117,迎廣,2013-11-18,41000.0,604300.0,14.75,14.75,14.7,14.7,-0.05,24.0
6117,迎廣,2013-11-19,18000.0,269150.0,14.75,15.2,14.75,14.8,0.1,13.0
6117,迎廣,2013-11-20,9000.0,132550.0,14.8,14.85,14.45,14.85,0.05,6.0
6117,迎廣,2013-11-21,9000.0,133850.0,14.5,14.95,14.5,14.95,0.1,7.0
6117,迎廣,2013-11-22,27000.0,392550.0,14.5,14.6,14.5,14.6,-0.35,13.0
6117,迎廣,2013-11-25,2000.0,29150.0,14.5,14.65,14.5,14.65,0.05,2.0
6117,迎廣,2013-11-26,1000.0,14500.0,14.5,14.5,14.5,14.5,-0.15,1.0
6117,迎廣,2013-11-27,6000.0,86600.0,14.25,14.6,14.25,14.6,0.1,6.0
6117,迎廣,2013-11-28,21000.0,302850.0,14.5,14.5,14.4,14.5,-0.1,10.0
6117,迎廣,2013-11-29,23614.0,339579.0,14.5,14.5,14.3,14.4,-0.1,15.0
6117,迎廣,2013-12-02,14240.0,206282.0,14.5,14.5,14.4,14.45,0.05,10.0
6117,迎廣,2013-12-03,201000.0,2882650.0,14.45,14.6,14.3,14.3,-0.15,22.0
6117,迎廣,2013-12-04,63000.0,909150.0,14.3,14.65,14.3,14.65,0.35,20.0
6117,迎廣,2013-12-05,11200.0,161370.0,14.6,14.6,14.35,14.35,-0.3,8.0
6117,迎廣,2013-12-06,216000.0,3138150.0,14.45,14.85,14.4,14.5,0.15,12.0
6117,迎廣,2013-12-09,11000.0,160750.0,14.8,14.8,14.5,14.5,0.0,10.0
6117,迎廣,2013-12-10,20900.0,307480.0,14.65,14.85,14.5,14.85,0.35,15.0
6117,迎廣,2013-12-11,144540.0,2116430.0,14.65,14.65,14.45,14.65,-0.2,9.0
6117,迎廣,2013-12-12,17911.0,258277.0,14.65,14.65,14.4,14.4,-0.25,6.0
6117,迎廣,2013-12-13,146000.0,2080800.0,14.15,14.45,14.15,14.25,-0.15,7.0
6117,迎廣,2013-12-16,19000.0,271250.0,14.25,14.35,14.2,14.35,0.1,7.0
6117,迎廣,2013-12-17,14360.0,206998.0,14.3,14.45,14.3,14.45,0.1,9.0
6117,迎廣,2013-12-18,0.0,0.0,0.0,0.0,0.0,0.0,0.0,0.0
6117,迎廣,2013-12-19,28001.0,399214.0,14.3,14.3,14.2,14.2,0.0,14.0
6117,迎廣,2013-12-20,31000.0,438200.0,14.2,14.35,14.0,14.3,0.1,23.0
6117,迎廣,2013-12-23,38000.0,535350.0,14.25,14.25,14.0,14.05,-0.25,17.0
6117,迎廣,2013-12-24,12001.0,168664.0,14.1,14.1,14.05,14.05,0.0,6.0
6117,迎廣,2013-12-25,36000.0,507550.0,14.2,14.25,14.0,14.1,0.05,30.0
6117,迎廣,2013-12-26,16000.0,225500.0,14.1,14.15,14.05,14.15,0.05,13.0
6117,迎廣,2013-12-27,3000.0,42700.0,14.2,14.25,14.2,14.25,0.1,3.0
6117,迎廣,2013-12-30,40005.0,569120.0,14.3,14.3,14.1,14.1,-0.15,23.0
6117,迎廣,2013-12-31,43911.0,620936.0,14.2,14.3,14.1,14.3,0.2,16.0
6117,迎廣,2014-01-02,18000.0,256300.0,14.25,14.35,14.2,14.35,0.05,8.0
6117,迎廣,2014-01-03,49200.0,714400.0,14.4,14.7,14.4,14.4,0.05,39.0
6117,迎廣,2014-01-06,77100.0,1160924.0,14.4,15.2,14.4,15.15,0.75,51.0
6117,迎廣,2014-01-07,54000.0,824400.0,15.4,15.5,15.0,15.2,0.05,32.0
6117,迎廣,2014-01-08,42049.0,637994.0,15.2,15.3,15.1,15.3,0.1,19.0
6117,迎廣,2014-01-09,14000.0,213550.0,15.2,15.4,15.2,15.35,0.05,8.0
6117,迎廣,2014-01-10,26010.0,397401.0,15.5,15.5,15.05,15.2,-0.15,10.0
6117,迎廣,2014-01-13,131000.0,2027550.0,15.35,15.9,15.3,15.3,0.1,55.0
6117,迎廣,2014-01-14,42662.0,653896.0,15.55,15.7,15.2,15.2,-0.1,18.0
6117,迎廣,2014-01-15,43540.0,673666.0,15.5,15.55,15.3,15.5,0.3,18.0
6117,迎廣,2014-01-16,52001.0,802715.0,15.6,15.8,15.35,15.35,-0.15,22.0
6117,迎廣,2014-01-17,36000.0,553050.0,15.45,15.5,15.3,15.35,0.0,18.0
6117,迎廣,2014-01-20,7010.0,107604.0,15.35,15.4,15.3,15.35,0.0,8.0
6117,迎廣,2014-01-21,44010.0,662147.0,15.7,15.7,14.55,14.8,-0.55,34.0
6117,迎廣,2014-01-22,33050.0,493640.0,14.8,15.15,14.8,14.95,0.15,18.0
6117,迎廣,2014-01-23,27000.0,398600.0,14.95,15.0,14.55,14.65,-0.3,17.0
6117,迎廣,2014-01-24,41000.0,597250.0,14.65,14.65,14.45,14.6,-0.05,19.0
6117,迎廣,2014-01-27,27000.0,388200.0,14.5,14.5,14.2,14.35,-0.25,14.0
6117,迎廣,2014-02-05,31000.0,427250.0,13.55,14.2,13.55,13.9,-0.45,21.0
6117,迎廣,2014-02-06,27000.0,382650.0,14.3,14.3,14.05,14.15,0.25,27.0
6117,迎廣,2014-02-07,19000.0,271100.0,14.25,14.35,14.2,14.2,0.05,19.0
6117,迎廣,2014-02-10,134001.0,1912414.0,14.5,14.5,14.25,14.25,0.05,39.0
6117,迎廣,2014-02-11,21360.0,304076.0,14.25,14.4,14.1,14.2,-0.05,14.0
6117,迎廣,2014-02-12,100360.0,1438852.0,14.2,14.55,14.2,14.55,0.35,50.0
6117,迎廣,2014-02-13,14285.0,208761.0,14.65,14.7,14.45,14.5,-0.05,9.0
6117,迎廣,2014-02-14,350000.0,5396400.0,14.5,15.5,14.5,15.5,1.0,132.0
6117,迎廣,2014-02-17,786007.0,13006061.0,16.55,16.55,16.4,16.55,1.05,241.0
6117,迎廣,2014-02-18,583360.0,9577221.0,16.65,16.7,16.15,16.45,-0.1,290.0
6117,迎廣,2014-02-19,978886.0,16893343.0,16.5,17.6,16.25,17.6,1.15,445.0
6117,迎廣,2014-02-20,947513.0,16952823.0,18.35,18.5,17.3,17.4,-0.2,447.0
6117,迎廣,2014-02-21,290000.0,4994250.0,17.7,17.75,17.05,17.1,-0.3,134.0
6117,迎廣,2014-02-24,148720.0,2560490.0,17.1,17.55,17.1,17.1,0.0,87.0
6117,迎廣,2014-02-25,690180.0,12195850.0,17.1,18.25,17.1,17.5,0.4,260.0
6117,迎廣,2014-02-26,327015.0,5652062.0,17.0,17.65,17.0,17.35,-0.15,119.0
6117,迎廣,2014-02-27,218473.0,3758038.0,17.05,17.4,17.05,17.2,-0.15,76.0
6117,迎廣,2014-03-03,83080.0,1414960.0,17.0,17.35,16.8,17.1,-0.1,50.0
6117,迎廣,2014-03-04,99495.0,1690265.0,17.3,17.4,16.65,16.85,-0.25,58.0
6117,迎廣,2014-03-05,174260.0,2943744.0,16.85,17.1,16.7,17.0,0.15,71.0
6117,迎廣,2014-03-06,485854.0,8594585.0,17.2,18.0,17.0,18.0,1.0,223.0
6117,迎廣,2014-03-07,1164870.0,21603992.0,18.4,19.0,18.0,19.0,1.0,434.0
6117,迎廣,2014-03-10,578988.0,10935027.0,19.1,19.1,18.5,18.5,-0.5,207.0
6117,迎廣,2014-03-11,204100.0,3778040.0,18.5,18.75,18.35,18.5,0.0,105.0
6117,迎廣,2014-03-12,167000.0,3082150.0,18.25,18.65,18.2,18.65,0.15,70.0
6117,迎廣,2014-03-13,205029.0,3790482.0,18.75,18.75,18.35,18.4,-0.25,82.0
6117,迎廣,2014-03-14,433000.0,8110150.0,18.65,19.0,18.35,18.6,0.2,152.0
6117,迎廣,2014-03-17,468001.0,8443367.0,18.8,18.8,17.65,17.7,-0.9,150.0
6117,迎廣,2014-03-18,553583.0,10155493.0,17.7,18.8,17.5,18.6,0.9,256.0
6117,迎廣,2014-03-19,445001.0,8241968.0,19.0,19.0,18.1,18.2,-0.4,207.0
6117,迎廣,2014-03-20,275911.0,4868160.0,18.0,18.05,17.35,17.45,-0.75,127.0
6117,迎廣,2014-03-21,108360.0,1862620.0,17.35,17.6,17.0,17.1,-0.35,66.0
6117,迎廣,2014-03-24,140000.0,2314950.0,16.5,17.3,16.2,17.3,0.2,78.0
6117,迎廣,2014-03-25,41000.0,710550.0,17.1,17.5,17.1,17.35,0.05,26.0
6117,迎廣,2014-03-26,104416.0,1821842.0,17.3,17.7,17.2,17.65,0.3,50.0
6117,迎廣,2014-03-27,545379.0,10074903.0,17.65,18.85,17.45,18.85,1.2,162.0
6117,迎廣,2014-03-28,470690.0,8811220.0,19.0,19.3,18.0,18.0,-0.85,240.0
6117,迎廣,2014-03-31,91911.0,1671580.0,18.0,18.5,17.95,18.3,0.3,51.0
6117,迎廣,2014-04-01,229000.0,4038350.0,18.1,18.1,17.5,17.6,-0.7,115.0
6117,迎廣,2014-04-02,226000.0,3995400.0,17.6,18.1,17.4,17.6,0.0,83.0
6117,迎廣,2014-04-03,172000.0,3003800.0,17.7,17.7,17.3,17.35,-0.25,66.0
6117,迎廣,2014-04-07,47260.0,814524.0,17.0,17.6,17.0,17.55,0.2,30.0
6117,迎廣,2014-04-08,49360.0,850978.0,17.6,17.6,17.0,17.4,-0.15,35.0
6117,迎廣,2014-04-09,43739.0,768258.0,17.6,17.65,17.45,17.5,0.1,20.0
6117,迎廣,2014-04-10,65420.0,1130174.0,17.5,17.5,17.2,17.25,-0.25,33.0
6117,迎廣,2014-04-11,93420.0,1602732.0,17.25,17.3,17.1,17.2,-0.05,33.0
6117,迎廣,2014-04-14,53480.0,908858.0,17.05,17.25,16.85,17.25,0.05,36.0
6117,迎廣,2014-04-15,81000.0,1384400.0,17.3,17.3,16.95,17.25,0.0,21.0
6117,迎廣,2014-04-16,86000.0,1497200.0,17.3,17.55,17.2,17.4,0.15,49.0
6117,迎廣,2014-04-17,36416.0,627246.0,17.3,17.4,17.0,17.3,-0.1,23.0
6117,迎廣,2014-04-18,63277.0,1080284.0,17.1,17.3,17.0,17.3,0.0,36.0
6117,迎廣,2014-04-21,111144.0,1899726.0,17.3,17.5,16.95,17.3,0.0,34.0
6117,迎廣,2014-04-22,28495.0,482015.0,17.0,17.1,16.8,17.1,-0.2,15.0
6117,迎廣,2014-04-23,90180.0,1528774.0,17.0,17.1,16.75,16.95,-0.15,16.0
6117,迎廣,2014-04-24,21200.0,361340.0,17.25,17.3,16.8,16.8,-0.15,19.0
6117,迎廣,2014-04-25,172000.0,2924300.0,17.2,17.2,16.8,16.8,0.0,63.0
6117,迎廣,2014-04-28,30416.0,507459.0,16.5,17.0,16.5,16.75,-0.05,19.0
6117,迎廣,2014-04-29,15000.0,252200.0,16.75,16.95,16.75,16.95,0.2,8.0
6117,迎廣,2014-04-30,42000.0,715150.0,16.95,17.2,16.8,16.9,-0.05,25.0
6117,迎廣,2014-05-02,192325.0,3351487.0,17.0,17.8,17.0,17.5,0.6,85.0
6117,迎廣,2014-05-05,71000.0,1243800.0,17.9,17.9,17.3,17.4,-0.1,33.0
6117,迎廣,2014-05-06,59236.0,1023709.0,17.25,17.5,17.25,17.3,-0.1,30.0
6117,迎廣,2014-05-07,36062.0,622366.0,17.2,17.35,17.2,17.35,0.05,19.0
6117,迎廣,2014-05-08,54000.0,932150.0,17.35,17.35,17.1,17.3,-0.05,23.0
6117,迎廣,2014-05-09,18000.0,310000.0,17.3,17.3,17.2,17.25,-0.05,10.0
6117,迎廣,2014-05-12,33001.0,570267.0,17.2,17.35,17.2,17.25,0.0,18.0
6117,迎廣,2014-05-13,52000.0,898400.0,17.2,17.35,17.2,17.25,0.0,26.0
6117,迎廣,2014-05-14,23000.0,398000.0,17.3,17.35,17.25,17.35,0.1,14.0
6117,迎廣,2014-05-15,9200.0,158890.0,17.3,17.3,17.2,17.3,-0.05,8.0
6117,迎廣,2014-05-16,121000.0,2122700.0,17.6,17.8,17.4,17.4,0.1,65.0
6117,迎廣,2014-05-19,774116.0,14268857.0,17.75,18.6,17.45,18.6,1.2,289.0
6117,迎廣,2014-05-20,3041882.0,59612601.0,19.6,19.9,19.05,19.9,1.3,1013.0
6117,迎廣,2014-05-21,3224425.0,66482775.0,20.5,21.15,20.05,21.1,1.2,1436.0
6117,迎廣,2014-05-22,2868724.0,62062669.0,21.1,22.5,20.5,22.3,1.2,1298.0
6117,迎廣,2014-05-23,1819874.0,39806544.0,22.3,22.4,21.55,21.8,-0.5,901.0
6117,迎廣,2014-05-26,1962293.0,42395270.0,22.1,22.2,21.15,21.9,0.1,872.0
6117,迎廣,2014-05-27,2667929.0,61246935.0,21.9,23.4,21.6,23.4,1.5,887.0
6117,迎廣,2014-05-28,4219120.0,100520762.0,24.3,24.7,22.65,22.75,-0.65,2066.0
6117,迎廣,2014-05-29,1237500.0,28231325.0,23.0,23.15,22.5,22.8,0.05,621.0
6117,迎廣,2014-05-30,715500.0,16257100.0,23.1,23.25,22.5,22.7,-0.1,357.0
6117,迎廣,2014-06-03,677844.0,15464521.0,22.7,23.3,22.5,22.5,-0.2,360.0
6117,迎廣,2014-06-04,617070.0,13925864.0,22.5,22.9,22.35,22.45,-0.05,336.0
6117,迎廣,2014-06-05,2353663.0,55184562.0,22.45,24.0,22.35,24.0,1.55,1062.0
6117,迎廣,2014-06-06,3559670.0,90132783.0,24.7,25.65,24.5,25.65,1.65,1407.0
6117,迎廣,2014-06-09,2922658.0,71675842.0,25.8,26.0,23.9,24.15,-1.5,1396.0
6117,迎廣,2014-06-10,1224000.0,28858349.0,24.15,24.15,23.2,23.25,-0.9,586.0
6117,迎廣,2014-06-11,1189222.0,28627700.0,23.35,24.55,23.35,23.75,0.5,716.0
6117,迎廣,2014-06-12,484000.0,11388050.0,23.75,24.0,23.4,23.6,-0.15,257.0
6117,迎廣,2014-06-13,468000.0,11086850.0,23.6,23.95,23.45,23.8,0.2,237.0
6117,迎廣,2014-06-16,552509.0,13275762.0,23.8,24.55,23.65,23.75,-0.05,269.0
6117,迎廣,2014-06-17,554585.0,13064721.0,23.85,23.9,23.05,23.35,-0.4,215.0
6117,迎廣,2014-06-18,491180.0,11379022.0,23.2,23.55,22.8,22.9,-0.45,230.0
6117,迎廣,2014-06-19,234868.0,5410864.0,22.95,23.2,22.9,23.1,0.2,137.0
6117,迎廣,2014-06-20,254360.0,5869393.0,23.1,23.3,22.9,22.9,-0.2,125.0
6117,迎廣,2014-06-23,499141.0,10965931.0,22.95,23.1,21.4,21.7,-1.2,204.0
6117,迎廣,2014-06-24,327873.0,7004607.0,21.7,21.75,21.0,21.35,-0.35,194.0
6117,迎廣,2014-06-25,247000.0,5383550.0,21.4,22.5,21.35,22.0,0.65,142.0
6117,迎廣,2014-06-26,186406.0,4113064.0,22.4,22.45,21.75,22.0,0.0,100.0
6117,迎廣,2014-06-27,167180.0,3721010.0,22.6,22.6,22.0,22.2,0.2,78.0
6117,迎廣,2014-06-30,314497.0,6932084.0,22.2,22.3,21.75,22.15,-0.05,148.0
6117,迎廣,2014-07-01,133000.0,2971100.0,22.55,22.8,22.2,22.2,0.05,69.0
6117,迎廣,2014-07-02,154360.0,3402812.0,22.5,22.5,21.5,21.85,-0.35,95.0
6117,迎廣,2014-07-03,401336.0,9129444.0,21.45,23.35,21.45,23.35,1.5,203.0
6117,迎廣,2014-07-04,348554.0,8045280.0,23.35,23.35,22.8,22.95,-0.4,172.0
6117,迎廣,2014-07-07,200001.0,4550022.0,22.95,23.0,22.6,22.7,-0.25,84.0
6117,迎廣,2014-07-08,278823.0,6439611.0,22.7,23.55,22.6,23.3,0.6,146.0
6117,迎廣,2014-07-09,481040.0,11413648.0,23.3,24.15,23.15,23.8,0.5,223.0
6117,迎廣,2014-07-10,174000.0,4089000.0,23.8,23.95,23.15,23.35,-0.45,93.0
6117,迎廣,2014-07-11,600040.0,14300980.0,23.9,24.4,22.7,23.25,-0.1,288.0
6117,迎廣,2014-07-14,171360.0,3917222.0,23.8,23.8,22.6,22.85,-0.4,78.0
6117,迎廣,2014-07-15,153811.0,3539059.0,22.9,23.2,22.85,22.85,0.0,62.0
6117,迎廣,2014-07-16,621372.0,14624904.0,22.7,24.35,22.6,23.45,0.6,294.0
6117,迎廣,2014-07-17,711635.0,17117940.0,23.9,24.55,23.8,24.0,0.55,283.0
6117,迎廣,2014-07-18,214668.0,5082464.0,24.0,24.0,23.5,23.6,-0.4,78.0
6117,迎廣,2014-07-21,279999.0,6648026.0,23.75,24.1,23.3,23.9,0.3,134.0
6117,迎廣,2014-07-22,409221.0,9860215.0,24.0,24.5,23.75,24.15,0.25,161.0
6117,迎廣,2014-07-24,373013.0,8919854.0,23.95,24.4,23.5,23.55,-0.6,153.0
6117,迎廣,2014-07-25,277225.0,6351313.0,23.95,23.95,22.05,23.1,-0.45,122.0
6117,迎廣,2014-07-28,169104.0,3936096.0,22.85,23.5,22.85,23.2,0.1,65.0
6117,迎廣,2014-07-29,154270.0,3577191.0,23.6,23.6,22.7,23.45,0.25,77.0
6117,迎廣,2014-07-30,80600.0,1842600.0,23.15,23.15,22.7,22.85,0.0,39.0
6117,迎廣,2014-07-31,20000.0,457950.0,23.2,23.2,22.75,23.0,0.15,19.0
6117,迎廣,2014-08-01,2127329.0,52135890.0,22.95,24.6,22.85,24.6,1.6,736.0
6117,迎廣,2014-08-04,2178986.0,57103830.0,26.3,26.3,25.8,26.3,1.7,832.0
6117,迎廣,2014-08-05,5549670.0,149719618.0,26.95,27.95,25.85,26.4,0.1,2832.0
6117,迎廣,2014-08-06,4018866.0,103815793.0,26.4,27.6,24.6,24.8,-1.6,2121.0
6117,迎廣,2014-08-07,1075233.0,26761604.0,24.9,25.5,24.3,24.85,0.05,668.0
6117,迎廣,2014-08-08,1701526.0,40111625.0,24.8,24.8,23.15,23.15,-1.7,741.0
6117,迎廣,2014-08-11,1009061.0,22922746.0,23.15,23.4,21.6,22.75,-0.4,492.0
6117,迎廣,2014-08-12,652100.0,14964125.0,22.95,23.35,22.55,22.55,-0.2,345.0
6117,迎廣,2014-08-13,524037.0,11955245.0,22.7,23.15,22.3,22.75,0.2,272.0
6117,迎廣,2014-08-14,459150.0,10518977.0,23.15,23.15,22.7,22.7,-0.05,227.0
6117,迎廣,2014-08-15,652170.0,14373396.0,22.9,22.9,21.65,21.85,-0.85,340.0
6117,迎廣,2014-08-18,766160.0,15746405.0,22.0,22.0,20.35,20.35,-1.5,333.0
6117,迎廣,2014-08-19,550875.0,11736680.0,20.4,21.75,20.4,21.75,1.4,292.0
6117,迎廣,2014-08-20,555089.0,11927154.0,22.0,22.1,21.2,21.2,-0.55,331.0
6117,迎廣,2014-08-21,196975.0,4103776.0,21.2,21.2,20.5,21.1,-0.1,130.0
6117,迎廣,2014-08-22,179000.0,3816750.0,21.5,21.5,21.15,21.25,0.15,112.0
6117,迎廣,2014-08-25,259880.0,5544997.0,21.05,21.95,21.0,21.9,0.65,176.0
6117,迎廣,2014-08-26,157000.0,3413700.0,21.9,22.1,21.45,21.45,-0.45,111.0
6117,迎廣,2014-08-27,179360.0,3893390.0,21.6,21.95,21.6,21.6,0.15,114.0
6117,迎廣,2014-08-28,128000.0,2784300.0,22.0,22.0,21.6,21.6,0.0,72.0
6117,迎廣,2014-08-29,195000.0,4223800.0,21.8,21.8,21.55,21.6,0.0,92.0
6117,迎廣,2014-09-01,186000.0,4021300.0,21.65,21.8,21.4,21.6,0.0,107.0
6117,迎廣,2014-09-02,646000.0,13362900.0,21.5,21.5,20.3,20.55,-1.05,343.0
6117,迎廣,2014-09-03,202000.0,4173950.0,20.6,20.9,20.55,20.55,0.0,104.0
6117,迎廣,2014-09-04,142000.0,2906600.0,20.55,20.7,20.3,20.5,-0.05,75.0
6117,迎廣,2014-09-05,113000.0,2319000.0,20.5,20.85,20.4,20.55,0.05,58.0
6117,迎廣,2014-09-09,121178.0,2504599.0,20.6,20.9,20.6,20.6,0.05,65.0
6117,迎廣,2014-09-10,56000.0,1149600.0,20.6,20.75,20.4,20.4,-0.2,37.0
6117,迎廣,2014-09-11,172000.0,3477450.0,20.4,20.4,20.1,20.15,-0.25,116.0
6117,迎廣,2014-09-12,208236.0,4090331.0,20.15,20.15,19.35,19.35,-0.8,96.0
6117,迎廣,2014-09-15,112428.0,2161573.0,19.45,19.45,19.1,19.1,-0.25,70.0
6117,迎廣,2014-09-16,94000.0,1776850.0,19.2,19.2,18.8,18.85,-0.25,52.0
6117,迎廣,2014-09-17,88000.0,1666600.0,18.6,19.2,18.6,18.9,0.05,70.0
6117,迎廣,2014-09-18,109911.0,2123882.0,19.0,19.6,18.9,19.5,0.6,83.0
6117,迎廣,2014-09-19,65000.0,1266400.0,19.5,19.65,19.25,19.55,0.05,40.0
6117,迎廣,2014-09-22,78000.0,1496950.0,19.35,19.45,19.05,19.05,-0.5,51.0
6117,迎廣,2014-09-23,92495.0,1740707.0,19.1,19.15,18.6,18.65,-0.4,59.0
6117,迎廣,2014-09-24,136000.0,2583600.0,18.9,19.25,18.75,19.0,0.35,94.0
6117,迎廣,2014-09-25,361274.0,6501199.0,19.0,19.0,17.7,17.8,-1.2,192.0
6117,迎廣,2014-09-26,136000.0,2435650.0,17.95,18.0,17.8,17.95,0.15,74.0
6117,迎廣,2014-09-29,151600.0,2667300.0,17.7,17.75,17.5,17.6,-0.35,87.0
6117,迎廣,2014-09-30,111000.0,1970450.0,17.6,18.25,17.55,17.85,0.25,78.0
6117,迎廣,2014-10-01,86000.0,1556150.0,17.7,18.3,17.7,18.1,0.25,60.0
6117,迎廣,2014-10-02,122100.0,2231680.0,17.8,18.6,17.8,18.15,0.05,80.0
6117,迎廣,2014-10-03,32000.0,588500.0,18.15,18.5,18.15,18.3,0.15,23.0
6117,迎廣,2014-10-06,54000.0,997800.0,18.8,18.8,18.3,18.4,0.1,34.0
6117,迎廣,2014-10-07,63000.0,1136700.0,18.15,18.25,17.9,18.0,-0.4,37.0
6117,迎廣,2014-10-08,36000.0,647850.0,17.95,18.1,17.9,18.0,0.0,21.0
6117,迎廣,2014-10-09,46000.0,821600.0,18.35,18.35,17.7,17.7,-0.3,30.0
6117,迎廣,2014-10-13,182009.0,3037550.0,17.1,17.1,16.5,16.7,-1.0,101.0
6117,迎廣,2014-10-14,552491.0,8642209.0,16.7,16.7,15.55,15.65,-1.05,233.0
6117,迎廣,2014-10-15,164328.0,2553518.0,15.85,15.9,15.15,15.15,-0.5,101.0
6117,迎廣,2014-10-16,379355.0,5461431.0,15.1,15.1,14.1,14.5,-0.65,189.0
6117,迎廣,2014-10-17,124100.0,1824190.0,14.8,14.85,14.5,14.5,0.0,70.0
6117,迎廣,2014-10-20,339050.0,5209525.0,14.85,15.5,14.85,15.5,1.0,156.0
6117,迎廣,2014-10-21,236200.0,3597218.0,15.35,15.5,15.0,15.45,-0.05,112.0
6117,迎廣,2014-10-22,88000.0,1373550.0,15.7,15.75,15.45,15.45,0.0,58.0
6117,迎廣,2014-10-23,171000.0,2650950.0,15.45,15.65,15.25,15.65,0.2,70.0
6117,迎廣,2014-10-24,77000.0,1192450.0,15.7,15.7,15.2,15.2,-0.45,35.0
6117,迎廣,2014-10-27,110000.0,1654200.0,15.3,15.3,14.6,14.6,-0.6,54.0
6117,迎廣,2014-10-28,117201.0,1777685.0,14.8,15.55,14.8,15.35,0.75,63.0
6117,迎廣,2014-10-29,99100.0,1540815.0,15.4,15.85,15.35,15.65,0.3,41.0
6117,迎廣,2014-10-30,66700.0,1034100.0,15.4,15.65,15.4,15.65,0.0,33.0
6117,迎廣,2014-10-31,63100.0,1000215.0,15.65,16.15,15.65,16.0,0.35,36.0
6117,迎廣,2014-11-03,126100.0,2044630.0,16.05,16.4,16.0,16.15,0.15,74.0
6117,迎廣,2014-11-04,74100.0,1195569.0,16.05,16.3,16.0,16.05,-0.1,43.0
6117,迎廣,2014-11-05,40200.0,636340.0,16.0,16.0,15.75,15.8,-0.25,32.0
6117,迎廣,2014-11-06,28100.0,441680.0,15.7,15.9,15.6,15.65,-0.15,21.0
6117,迎廣,2014-11-07,64000.0,1010250.0,15.8,15.95,15.65,15.9,0.25,24.0
6117,迎廣,2014-11-10,70017.0,1123125.0,16.3,16.3,15.95,16.05,0.15,34.0
6117,迎廣,2014-11-11,29000.0,462400.0,16.1,16.1,15.6,16.1,0.05,27.0
6117,迎廣,2014-11-12,29000.0,465950.0,16.0,16.35,15.8,15.8,-0.3,24.0
6117,迎廣,2014-11-13,26495.0,419071.0,15.8,15.9,15.6,15.8,0.0,20.0
6117,迎廣,2014-11-14,76172.0,1196533.0,15.6,15.85,15.6,15.65,-0.15,34.0
6117,迎廣,2014-11-17,178053.0,2669381.0,15.4,15.65,14.8,14.85,-0.8,100.0
6117,迎廣,2014-11-18,60007.0,884652.0,14.85,14.95,14.6,14.6,-0.25,38.0
6117,迎廣,2014-11-19,59000.0,873700.0,14.6,14.85,14.6,14.85,0.25,20.0
6117,迎廣,2014-11-20,42776.0,642301.0,14.95,15.2,14.9,14.9,0.05,32.0
6117,迎廣,2014-11-21,54000.0,807750.0,14.65,15.15,14.65,15.05,0.15,34.0
6117,迎廣,2014-11-24,29000.0,433450.0,14.9,15.1,14.9,15.1,0.05,18.0
6117,迎廣,2014-11-25,19000.0,287100.0,15.1,15.3,15.05,15.05,-0.05,16.0
6117,迎廣,2014-11-26,33007.0,493554.0,15.0,15.1,14.85,14.85,-0.2,21.0
6117,迎廣,2014-11-27,40000.0,595850.0,15.05,15.05,14.85,15.0,0.15,18.0
6117,迎廣,2014-11-28,22000.0,330050.0,15.0,15.15,14.95,14.95,-0.05,14.0
6117,迎廣,2014-12-01,44007.0,654003.0,14.6,15.2,14.6,14.75,-0.2,36.0
6117,迎廣,2014-12-02,121230.0,1782100.0,15.05,15.05,14.5,15.05,0.3,78.0
6117,迎廣,2014-12-03,196000.0,2954200.0,15.1,15.2,14.95,15.1,0.05,93.0
6117,迎廣,2014-12-04,155000.0,2340500.0,15.15,15.2,14.95,15.15,0.05,74.0
6117,迎廣,2014-12-05,152100.0,2324205.0,15.2,15.5,15.1,15.5,0.35,89.0
6117,迎廣,2014-12-08,525000.0,8652850.0,15.7,16.55,15.7,16.55,1.05,111.0
6117,迎廣,2014-12-09,1045030.0,17879452.0,17.0,17.5,16.85,16.9,0.35,496.0
6117,迎廣,2014-12-10,152514.0,2515002.0,16.75,16.75,16.35,16.35,-0.55,94.0
6117,迎廣,2014-12-11,95360.0,1540710.0,15.8,16.55,15.8,16.1,-0.25,73.0
6117,迎廣,2014-12-12,196005.0,3125679.0,16.0,16.4,15.55,15.75,-0.35,132.0
6117,迎廣,2014-12-15,156007.0,2406008.0,15.55,15.65,15.15,15.5,-0.25,97.0
6117,迎廣,2014-12-16,411180.0,6784079.0,15.5,16.55,15.5,16.55,1.05,127.0
6117,迎廣,2014-12-17,394600.0,6442079.0,16.65,16.65,15.85,15.9,-0.65,180.0
6117,迎廣,2014-12-18,131400.0,2114450.0,16.1,16.4,15.9,15.9,0.0,85.0
6117,迎廣,2014-12-19,89000.0,1420500.0,16.15,16.2,15.8,15.9,0.0,57.0
6117,迎廣,2014-12-22,47416.0,758364.0,16.0,16.1,15.9,15.95,0.05,33.0
6117,迎廣,2014-12-23,57000.0,915700.0,16.1,16.15,16.0,16.0,0.05,41.0
6117,迎廣,2014-12-24,115000.0,1856000.0,16.1,16.3,16.1,16.15,0.15,83.0
6117,迎廣,2014-12-25,172000.0,2828450.0,16.2,16.7,16.2,16.45,0.3,116.0
6117,迎廣,2014-12-26,78083.0,1278057.0,16.35,16.55,16.3,16.3,-0.15,53.0
6117,迎廣,2014-12-27,89100.0,1465765.0,16.3,16.55,16.3,16.5,0.2,47.0
6117,迎廣,2014-12-29,112100.0,1843545.0,16.55,16.55,16.35,16.45,-0.05,61.0
6117,迎廣,2014-12-30,85000.0,1389450.0,16.45,16.5,16.2,16.2,-0.25,44.0
6117,迎廣,2014-12-31,63000.0,1028150.0,16.1,16.45,16.1,16.45,0.25,44.0
6117,迎廣,2015-01-05,84009.0,1364796.0,16.35,16.4,16.15,16.3,-0.15,53.0
6117,迎廣,2015-01-06,105008.0,1678828.0,16.1,16.25,15.8,16.05,-0.25,55.0
6117,迎廣,2015-01-07,327068.0,5374485.0,16.05,16.8,16.05,16.75,0.7,151.0
6117,迎廣,2015-01-08,1153000.0,19444600.0,16.8,17.05,16.6,16.6,-0.15,222.0
6117,迎廣,2015-01-09,90319.0,1484566.0,16.7,16.8,16.3,16.3,-0.3,66.0
6117,迎廣,2015-01-12,73000.0,1179050.0,16.3,16.4,16.05,16.15,-0.15,50.0
6117,迎廣,2015-01-13,42118.0,682985.0,16.15,16.45,16.1,16.4,0.25,29.0
6117,迎廣,2015-01-14,1150107.0,19034028.0,16.35,16.75,16.15,16.2,-0.2,273.0
6117,迎廣,2015-01-15,180100.0,2929175.0,16.3,16.5,16.15,16.2,0.0,102.0
6117,迎廣,2015-01-16,115107.0,1841985.0,16.2,16.2,15.6,15.6,-0.6,73.0
6117,迎廣,2015-01-19,137100.0,2154874.0,15.7,16.0,15.6,15.7,0.1,98.0
6117,迎廣,2015-01-20,93260.0,1485583.0,15.8,16.1,15.8,16.0,0.3,55.0
6117,迎廣,2015-01-21,27100.0,432950.0,16.1,16.1,15.85,15.95,-0.05,24.0
6117,迎廣,2015-01-22,58100.0,919330.0,16.0,16.0,15.65,15.65,-0.3,39.0
6117,迎廣,2015-01-23,81360.0,1289838.0,15.85,15.95,15.75,15.9,0.25,53.0
6117,迎廣,2015-01-26,50100.0,799040.0,15.9,16.05,15.85,15.9,0.0,32.0
6117,迎廣,2015-01-27,241100.0,3926284.0,15.9,16.5,15.9,16.2,0.3,102.0
6117,迎廣,2015-01-28,128100.0,2083440.0,16.3,16.4,16.15,16.25,0.05,53.0
6117,迎廣,2015-01-29,378100.0,6231845.0,16.2,16.6,16.0,16.3,0.05,121.0
6117,迎廣,2015-01-30,37100.0,604435.0,16.45,16.5,16.2,16.2,-0.1,30.0
6117,迎廣,2015-02-02,146000.0,2400550.0,16.3,16.65,16.3,16.4,0.2,88.0
6117,迎廣,2015-02-03,51100.0,833290.0,16.4,16.4,16.15,16.25,-0.15,41.0
6117,迎廣,2015-02-04,106118.0,1728629.0,16.4,16.4,16.15,16.2,-0.05,61.0
6117,迎廣,2015-02-05,46018.0,745844.0,16.2,16.3,16.15,16.2,0.0,23.0
6117,迎廣,2015-02-06,70000.0,1121100.0,16.2,16.2,15.95,16.0,-0.2,41.0
6117,迎廣,2015-02-09,23001.0,366815.0,15.95,16.05,15.85,15.9,-0.1,15.0
6117,迎廣,2015-02-10,41500.0,659850.0,15.95,15.95,15.8,15.95,0.05,28.0
6117,迎廣,2015-02-11,75000.0,1177300.0,15.85,15.9,15.5,15.5,-0.45,41.0
6117,迎廣,2015-02-12,259109.0,3901279.0,15.6,15.6,14.8,15.0,-0.5,119.0
6117,迎廣,2015-02-13,114000.0,1708600.0,15.0,15.1,14.9,14.9,-0.1,63.0
6117,迎廣,2015-02-24,45180.0,681582.0,14.9,15.1,14.9,15.0,0.1,31.0
6117,迎廣,2015-02-25,22540.0,341608.0,15.0,15.3,15.0,15.3,0.3,18.0
6117,迎廣,2015-02-26,50500.0,769650.0,15.3,15.35,15.05,15.35,0.05,34.0
6117,迎廣,2015-03-02,79100.0,1193220.0,15.35,15.35,15.0,15.05,-0.3,47.0
6117,迎廣,2015-03-03,46213.0,697966.0,15.1,15.25,15.0,15.15,0.1,36.0
6117,迎廣,2015-03-04,1474220.0,23639364.0,15.15,16.2,15.15,16.2,1.05,356.0
6117,迎廣,2015-03-05,1055400.0,17517090.0,16.4,17.2,16.25,16.7,0.5,472.0
6117,迎廣,2015-03-06,338400.0,5550369.0,16.7,16.7,16.35,16.35,-0.35,132.0
6117,迎廣,2015-03-09,127260.0,2061585.0,16.35,16.5,16.05,16.15,-0.2,74.0
6117,迎廣,2015-03-10,97000.0,1556400.0,16.15,16.25,15.85,16.05,-0.1,48.0
6117,迎廣,2015-03-11,105000.0,1650900.0,15.85,15.85,15.65,15.75,-0.3,58.0
6117,迎廣,2015-03-12,95000.0,1516750.0,15.95,16.1,15.9,16.0,0.25,52.0
6117,迎廣,2015-03-13,165181.0,2650990.0,16.15,16.3,15.8,15.8,-0.2,63.0
6117,迎廣,2015-03-16,329000.0,5318400.0,16.0,16.6,15.9,16.0,0.2,139.0
6117,迎廣,2015-03-17,99001.0,1598615.0,16.45,16.45,15.8,15.8,-0.2,52.0
6117,迎廣,2015-03-18,46000.0,733450.0,15.8,16.1,15.8,15.95,0.15,39.0
6117,迎廣,2015-03-19,42000.0,674100.0,16.1,16.2,16.0,16.0,0.05,29.0
6117,迎廣,2015-03-20,115000.0,1839400.0,16.1,16.15,15.85,15.85,-0.15,51.0
6117,迎廣,2015-03-23,76495.0,1215819.0,15.95,15.95,15.85,15.9,0.05,45.0
6117,迎廣,2015-03-24,117000.0,1828350.0,15.95,15.95,15.5,15.7,-0.2,55.0
6117,迎廣,2015-03-25,66000.0,1031100.0,15.7,15.7,15.55,15.55,-0.15,31.0
6117,迎廣,2015-03-26,121000.0,1925400.0,15.5,16.05,15.5,15.9,0.35,73.0
6117,迎廣,2015-03-27,58080.0,921672.0,15.9,16.0,15.7,16.0,0.1,38.0
6117,迎廣,2015-03-30,83900.0,1350714.0,16.0,16.2,15.95,15.95,-0.05,55.0
6117,迎廣,2015-03-31,79001.0,1256166.0,15.95,16.0,15.8,15.85,-0.1,42.0
6117,迎廣,2015-04-01,46180.0,720090.0,15.75,15.8,15.5,15.55,-0.3,34.0
6117,迎廣,2015-04-02,36180.0,565840.0,15.8,15.8,15.55,15.55,0.0,22.0
6117,迎廣,2015-04-07,62000.0,971550.0,15.8,15.8,15.6,15.7,0.15,33.0
6117,迎廣,2015-04-08,40000.0,629150.0,15.7,15.9,15.6,15.85,0.15,15.0
6117,迎廣,2015-04-09,73006.0,1144140.0,15.85,15.9,15.55,15.55,-0.3,45.0
6117,迎廣,2015-04-10,520080.0,8329788.0,15.6,16.2,15.6,16.15,0.6,147.0
6117,迎廣,2015-04-13,6150003.0,102047750.0,16.2,17.2,16.15,17.0,0.85,1150.0
6117,迎廣,2015-04-14,761301.0,12620945.0,16.9,16.9,16.4,16.4,-0.6,337.0
6117,迎廣,2015-04-15,446000.0,7407900.0,16.5,16.8,16.4,16.5,0.1,152.0
6117,迎廣,2015-04-16,389246.0,6427609.0,16.5,16.7,16.4,16.4,-0.1,131.0
6117,迎廣,2015-04-17,1592402.0,27512785.0,16.45,17.5,16.4,17.5,1.1,601.0
6117,迎廣,2015-04-20,1269146.0,22785730.0,18.6,18.6,17.5,17.65,0.15,535.0
6117,迎廣,2015-04-21,523000.0,8879000.0,17.6,17.65,16.6,16.8,-0.85,239.0
6117,迎廣,2015-04-22,406540.0,6962148.0,16.8,17.4,16.8,16.95,0.15,173.0
6117,迎廣,2015-04-23,327562.0,5575591.0,17.3,17.3,16.8,16.9,-0.05,134.0
6117,迎廣,2015-04-24,126000.0,2150750.0,17.1,17.25,16.95,16.95,0.05,76.0
6117,迎廣,2015-04-27,219911.0,3699235.0,17.1,17.15,16.5,16.5,-0.45,106.0
6117,迎廣,2015-04-28,186000.0,3096550.0,16.55,16.9,16.5,16.6,0.1,101.0
6117,迎廣,2015-04-29,124461.0,2072355.0,16.6,16.85,16.5,16.6,0.0,72.0
6117,迎廣,2015-04-30,97900.0,1628690.0,16.75,16.85,16.5,16.75,0.15,56.0
6117,迎廣,2015-05-04,74020.0,1237139.0,16.7,16.85,16.5,16.8,0.05,42.0
6117,迎廣,2015-05-05,92180.0,1522784.0,16.6,16.8,16.35,16.35,-0.45,73.0
6117,迎廣,2015-05-06,134956.0,2168499.0,16.1,16.4,15.7,16.0,-0.35,91.0
6117,迎廣,2015-05-07,275006.0,4296494.0,16.0,16.0,15.5,15.55,-0.45,117.0
6117,迎廣,2015-05-08,160236.0,2492034.0,15.65,15.7,15.45,15.45,-0.1,66.0
6117,迎廣,2015-05-11,187240.0,2872448.0,15.6,15.65,15.2,15.3,-0.15,74.0
6117,迎廣,2015-05-12,71002.0,1087181.0,15.3,15.5,15.2,15.5,0.2,36.0
6117,迎廣,2015-05-13,111000.0,1713900.0,15.5,15.5,15.35,15.35,-0.15,41.0
6117,迎廣,2015-05-14,34001.0,524465.0,15.6,15.6,15.35,15.45,0.1,19.0
6117,迎廣,2015-05-15,187000.0,2833000.0,15.4,15.4,15.0,15.35,-0.1,49.0
6117,迎廣,2015-05-18,393006.0,5757085.0,14.9,15.1,14.3,14.3,-1.05,101.0
6117,迎廣,2015-05-19,127178.0,1836394.0,14.45,14.65,14.2,14.4,0.1,67.0
6117,迎廣,2015-05-20,107000.0,1559700.0,14.5,15.2,14.5,14.75,0.35,53.0
6117,迎廣,2015-05-21,93726.0,1377504.0,14.9,14.95,14.55,14.55,-0.2,43.0
6117,迎廣,2015-05-22,116283.0,1681925.0,14.5,14.65,14.3,14.45,-0.1,60.0
6117,迎廣,2015-05-25,67000.0,970950.0,14.6,14.6,14.4,14.45,0.0,38.0
6117,迎廣,2015-05-26,104911.0,1523818.0,14.5,14.6,14.4,14.55,0.1,36.0
6117,迎廣,2015-05-27,62440.0,905386.0,14.55,14.6,14.4,14.5,-0.05,28.0
6117,迎廣,2015-05-28,170000.0,2489300.0,14.5,14.85,14.5,14.65,0.15,46.0
6117,迎廣,2015-05-29,24000.0,351750.0,14.7,14.75,14.6,14.65,0.0,19.0
6117,迎廣,2015-06-01,93000.0,1386850.0,14.6,15.0,14.6,15.0,0.35,24.0
6117,迎廣,2015-06-02,29000.0,433450.0,15.0,15.0,14.8,14.9,-0.1,13.0
6117,迎廣,2015-06-03,64000.0,958100.0,14.9,15.3,14.8,14.95,0.05,30.0
6117,迎廣,2015-06-04,136000.0,1986700.0,15.3,15.3,14.25,14.35,-0.6,64.0
6117,迎廣,2015-06-05,102000.0,1460250.0,14.35,14.4,14.2,14.2,-0.15,44.0
6117,迎廣,2015-06-08,30000.0,428350.0,14.2,14.55,14.2,14.2,0.0,20.0
6117,迎廣,2015-06-09,275193.0,3737359.0,14.2,14.25,13.1,13.1,-1.1,76.0
6117,迎廣,2015-06-10,403000.0,5030550.0,13.1,13.1,12.0,12.6,-0.5,123.0
6117,迎廣,2015-06-11,66000.0,854200.0,12.9,13.2,12.7,12.95,0.35,40.0
6117,迎廣,2015-06-12,35000.0,454450.0,12.95,13.3,12.95,12.95,0.0,18.0
6117,迎廣,2015-06-15,25180.0,324604.0,12.95,12.95,12.85,12.85,-0.1,9.0
6117,迎廣,2015-06-16,25000.0,320400.0,12.8,13.1,12.75,13.0,0.15,9.0
6117,迎廣,2015-06-17,93000.0,1183450.0,12.75,13.0,12.55,12.7,-0.3,55.0
6117,迎廣,2015-06-18,60000.0,772150.0,12.85,12.95,12.8,12.8,0.1,20.0
6117,迎廣,2015-06-22,55101.0,706657.0,12.7,13.05,12.7,12.85,0.05,20.0
6117,迎廣,2015-06-23,27000.0,351700.0,13.0,13.1,13.0,13.0,0.15,15.0
6117,迎廣,2015-06-24,38000.0,502250.0,13.2,13.45,13.05,13.05,0.05,18.0
6117,迎廣,2015-06-25,31008.0,408157.0,13.3,13.3,13.0,13.2,0.15,18.0
6117,迎廣,2015-06-26,21000.0,275450.0,13.2,13.25,13.05,13.1,-0.1,17.0
6117,迎廣,2015-06-29,38115.0,497445.0,13.1,13.1,13.0,13.05,-0.05,18.0
6117,迎廣,2015-06-30,10000.0,130600.0,13.05,13.1,13.05,13.1,0.05,2.0
6117,迎廣,2015-07-01,32000.0,417600.0,13.1,13.2,13.0,13.2,0.1,14.0
6117,迎廣,2015-07-02,47000.0,622000.0,13.2,13.4,13.1,13.2,0.0,26.0
6117,迎廣,2015-07-03,92832.0,1254890.0,13.2,14.0,13.1,13.5,0.3,49.0
6117,迎廣,2015-07-06,99100.0,1359665.0,13.5,14.1,13.5,13.55,0.05,40.0
6117,迎廣,2015-07-07,27000.0,367500.0,13.6,13.75,13.55,13.6,0.05,15.0
6117,迎廣,2015-07-08,57416.0,776816.0,13.5,13.8,13.5,13.6,0.0,36.0
6117,迎廣,2015-07-09,85000.0,1168150.0,13.75,13.8,13.6,13.75,0.15,28.0
6117,迎廣,2015-07-13,71223.0,979293.0,13.75,14.0,13.55,13.55,-0.2,30.0
6117,迎廣,2015-07-14,82000.0,1129500.0,13.6,13.85,13.55,13.8,0.25,41.0
6117,迎廣,2015-07-15,20000.0,276450.0,13.9,13.9,13.75,13.9,0.1,12.0
6117,迎廣,2015-07-16,61000.0,840450.0,13.9,14.0,13.7,13.85,-0.05,13.0
6117,迎廣,2015-07-17,38001.0,523763.0,13.75,13.9,13.6,13.6,-0.25,19.0
6117,迎廣,2015-07-20,24000.0,327150.0,13.8,13.8,13.6,13.65,0.05,7.0
6117,迎廣,2015-07-21,11000.0,150500.0,13.7,13.75,13.65,13.65,0.0,7.0
6117,迎廣,2015-07-22,61000.0,838550.0,13.7,14.0,13.6,13.6,-0.05,22.0
6117,迎廣,2015-07-23,100002.0,1378526.0,13.85,14.0,13.6,13.85,0.25,39.0
6117,迎廣,2015-07-24,70091.0,974037.0,13.75,14.0,13.7,13.7,-0.15,29.0
6117,迎廣,2015-07-27,130000.0,1783800.0,13.85,14.1,13.6,13.6,-0.1,34.0
6117,迎廣,2015-07-28,72091.0,982728.0,13.55,13.7,13.5,13.6,0.0,32.0
6117,迎廣,2015-07-29,88050.0,1225702.0,13.7,14.0,13.7,13.95,0.35,28.0
6117,迎廣,2015-07-30,48000.0,640350.0,13.7,13.7,13.15,13.2,0.0,29.0
6117,迎廣,2015-07-31,40000.0,520600.0,12.95,13.15,12.9,13.1,-0.1,30.0
6117,迎廣,2015-08-03,12000.0,156850.0,13.1,13.15,13.0,13.0,-0.1,10.0
6117,迎廣,2015-08-04,29003.0,379189.0,13.0,13.35,13.0,13.0,0.0,21.0
6117,迎廣,2015-08-05,2000.0,26250.0,13.1,13.15,13.1,13.15,0.15,2.0
6117,迎廣,2015-08-06,88000.0,1145750.0,13.0,13.1,12.95,12.95,-0.2,19.0
6117,迎廣,2015-08-07,27000.0,350100.0,12.9,13.0,12.85,13.0,0.05,10.0
6117,迎廣,2015-08-10,29360.0,381480.0,13.05,13.05,12.9,13.05,0.05,20.0
6117,迎廣,2015-08-11,127000.0,1654650.0,13.2,13.2,12.7,13.05,0.0,33.0
6117,迎廣,2015-08-12,8000.0,102850.0,13.05,13.05,12.7,12.7,-0.35,7.0
6117,迎廣,2015-08-13,15000.0,188550.0,12.85,12.85,12.35,12.4,-0.3,11.0
6117,迎廣,2015-08-14,20000.0,253550.0,12.65,12.8,12.45,12.45,0.05,15.0
6117,迎廣,2015-08-17,20566.0,254968.0,12.6,12.65,12.35,12.5,0.05,12.0
6117,迎廣,2015-08-18,20000.0,251900.0,12.6,12.6,12.5,12.5,0.0,8.0
6117,迎廣,2015-08-19,21000.0,260450.0,12.6,12.6,12.35,12.35,-0.15,10.0
6117,迎廣,2015-08-20,21000.0,259450.0,12.35,12.5,12.3,12.3,-0.05,12.0
6117,迎廣,2015-08-21,22010.0,269624.0,12.15,12.45,12.15,12.45,0.15,16.0
6117,迎廣,2015-08-24,263009.0,3075403.0,12.3,12.45,11.45,11.45,-1.0,74.0
6117,迎廣,2015-08-25,199709.0,2097550.0,10.35,11.3,10.35,10.55,-0.9,50.0
6117,迎廣,2015-08-26,35000.0,388150.0,10.6,11.4,10.6,11.15,0.6,24.0
6117,迎廣,2015-08-27,89160.0,1068806.0,11.5,12.25,11.5,11.7,0.55,50.0
6117,迎廣,2015-08-28,136000.0,1729350.0,11.95,12.85,11.95,12.8,1.1,59.0
6117,迎廣,2015-08-31,22000.0,281200.0,12.7,12.85,12.7,12.8,0.0,8.0
6117,迎廣,2015-09-01,32000.0,407100.0,12.7,12.9,12.6,12.7,-0.1,21.0
6117,迎廣,2015-09-02,39000.0,501600.0,12.7,13.0,12.7,12.75,0.05,24.0
6117,迎廣,2015-09-03,22385.0,290328.0,12.9,13.05,12.9,12.9,0.15,13.0
6117,迎廣,2015-09-04,31000.0,402850.0,12.95,13.15,12.95,12.95,0.05,15.0
6117,迎廣,2015-09-07,44000.0,581350.0,13.15,13.6,13.15,13.2,0.25,27.0
6117,迎廣,2015-09-08,45000.0,598550.0,13.25,13.35,13.25,13.3,0.1,14.0
6117,迎廣,2015-09-09,101180.0,1383721.0,13.45,13.9,13.45,13.5,0.2,40.0
6117,迎廣,2015-09-10,38000.0,514150.0,13.5,13.55,13.5,13.55,0.05,13.0
6117,迎廣,2015-09-11,87000.0,1189150.0,13.55,13.95,13.5,13.5,-0.05,33.0
6117,迎廣,2015-09-14,13000.0,178900.0,13.75,13.95,13.7,13.7,0.2,12.0
6117,迎廣,2015-09-15,38000.0,530650.0,14.0,14.2,13.7,14.2,0.5,20.0
6117,迎廣,2015-09-16,50911.0,725895.0,14.25,14.45,14.2,14.2,0.0,19.0
6117,迎廣,2015-09-17,23000.0,329700.0,14.4,14.5,14.25,14.3,0.1,11.0
6117,迎廣,2015-09-18,37000.0,528400.0,14.3,14.3,14.25,14.3,0.0,13.0
6117,迎廣,2015-09-21,37000.0,517350.0,14.1,14.1,13.9,13.9,-0.4,17.0
6117,迎廣,2015-09-22,14000.0,196850.0,14.8,14.8,14.0,14.05,0.15,8.0
6117,迎廣,2015-09-23,33181.0,458378.0,13.9,13.9,13.8,13.8,-0.25,13.0
6117,迎廣,2015-09-24,22093.0,307033.0,13.95,13.95,13.85,13.85,0.05,9.0
6117,迎廣,2015-09-25,71001.0,1000364.0,14.0,14.3,14.0,14.05,0.2,39.0
6117,迎廣,2015-09-30,11000.0,153950.0,14.0,14.25,13.9,13.9,-0.15,7.0
6117,迎廣,2015-10-01,12000.0,167400.0,13.95,13.95,13.95,13.95,0.05,2.0
6117,迎廣,2015-10-02,31000.0,440850.0,14.05,14.3,14.05,14.25,0.3,18.0
6117,迎廣,2015-10-05,120100.0,1804550.0,14.5,15.45,14.45,14.9,0.65,30.0
6117,迎廣,2015-10-06,22000.0,331850.0,15.05,15.1,15.05,15.1,0.2,11.0
6117,迎廣,2015-10-07,18000.0,272800.0,15.1,15.2,15.1,15.2,0.1,6.0
6117,迎廣,2015-10-08,15000.0,228150.0,15.35,15.35,15.2,15.2,0.0,9.0
6117,迎廣,2015-10-12,78000.0,1189850.0,15.3,15.35,15.0,15.3,0.1,21.0
6117,迎廣,2015-10-13,9000.0,135900.0,15.1,15.1,15.1,15.1,-0.2,4.0
6117,迎廣,2015-10-14,12000.0,180850.0,15.15,15.15,14.9,14.9,-0.2,3.0
6117,迎廣,2015-10-15,14495.0,218875.0,14.95,15.4,14.95,15.05,0.15,10.0
6117,迎廣,2015-10-16,43110.0,653027.0,15.05,15.8,15.05,15.55,0.5,14.0
6117,迎廣,2015-10-19,10000.0,153000.0,15.7,15.7,15.2,15.2,-0.35,4.0
6117,迎廣,2015-10-20,22180.0,334922.0,15.2,15.5,15.0,15.5,0.3,12.0
6117,迎廣,2015-10-21,13000.0,193000.0,15.5,15.5,14.65,14.65,-0.85,5.0
6117,迎廣,2015-10-22,8000.0,118850.0,14.8,15.25,14.75,15.0,0.35,5.0
6117,迎廣,2015-10-23,5000.0,76000.0,15.2,15.2,15.2,15.2,0.2,3.0
6117,迎廣,2015-10-26,14000.0,212800.0,15.2,15.2,15.2,15.2,0.0,6.0
6117,迎廣,2015-10-27,10000.0,152150.0,15.3,15.4,15.1,15.2,0.0,10.0
6117,迎廣,2015-10-28,5000.0,73250.0,14.65,14.65,14.65,14.65,-0.55,4.0
6117,迎廣,2015-10-29,17020.0,244986.0,14.85,14.85,14.2,14.2,-0.45,13.0
6117,迎廣,2015-10-30,10000.0,145100.0,14.2,14.9,14.2,14.9,0.7,9.0
6117,迎廣,2015-11-02,13000.0,200600.0,15.25,15.45,15.25,15.4,0.5,10.0
6117,迎廣,2015-11-03,21000.0,313600.0,15.0,15.0,14.8,14.85,-0.55,14.0
6117,迎廣,2015-11-04,17917.0,265471.0,14.9,14.9,14.8,14.9,0.05,7.0
6117,迎廣,2015-11-05,4360.0,64928.0,14.9,14.9,14.9,14.9,0.0,3.0
6117,迎廣,2015-11-06,12000.0,175800.0,14.9,14.9,14.4,14.4,-0.5,9.0
6117,迎廣,2015-11-09,9100.0,130770.0,14.45,14.8,14.25,14.8,0.4,6.0
6117,迎廣,2015-11-10,14070.0,201565.0,14.6,14.6,14.25,14.6,-0.2,6.0
6117,迎廣,2015-11-11,3000.0,43500.0,14.5,14.5,14.5,14.5,-0.1,1.0
6117,迎廣,2015-11-12,23200.0,329420.0,14.25,14.7,14.0,14.0,-0.5,15.0
6117,迎廣,2015-11-13,46000.0,640000.0,14.0,14.0,13.8,13.8,-0.2,11.0
6117,迎廣,2015-11-16,11000.0,153850.0,13.8,14.4,13.8,14.0,0.2,7.0
6117,迎廣,2015-11-17,15000.0,210550.0,14.0,14.4,14.0,14.05,0.05,7.0
6117,迎廣,2015-11-18,19000.0,267250.0,14.3,14.3,14.0,14.0,-0.05,12.0
6117,迎廣,2015-11-19,138000.0,2069100.0,14.1,15.3,14.0,15.0,1.0,45.0
6117,迎廣,2015-11-20,58000.0,870750.0,15.0,15.25,15.0,15.0,0.0,21.0
6117,迎廣,2015-11-23,49000.0,734950.0,15.05,15.05,14.9,15.0,0.0,14.0
6117,迎廣,2015-11-24,26000.0,388950.0,15.0,15.0,14.95,15.0,0.0,7.0
6117,迎廣,2015-11-25,35000.0,522050.0,14.95,15.0,14.9,15.0,0.0,9.0
6117,迎廣,2015-11-26,27000.0,400600.0,14.8,15.0,14.8,15.0,0.0,2.0
6117,迎廣,2015-11-27,28000.0,415600.0,15.0,15.0,14.7,15.0,0.0,6.0
6117,迎廣,2015-11-30,50000.0,726800.0,14.8,14.8,14.15,14.8,-0.2,14.0
6117,迎廣,2015-12-01,5000.0,73500.0,14.7,14.7,14.7,14.7,-0.1,1.0
6117,迎廣,2015-12-02,26000.0,379850.0,14.7,14.7,14.5,14.7,0.0,7.0
6117,迎廣,2015-12-03,13180.0,191946.0,14.7,14.7,14.5,14.7,0.0,6.0
6117,迎廣,2015-12-04,5000.0,73000.0,14.6,14.6,14.6,14.6,-0.1,1.0
6117,迎廣,2015-12-07,28000.0,413700.0,14.7,14.95,14.7,14.7,0.1,12.0
6117,迎廣,2015-12-08,7000.0,103100.0,14.7,14.9,14.7,14.9,0.2,4.0
6117,迎廣,2015-12-09,8000.0,117000.0,14.6,14.8,14.5,14.8,-0.1,3.0
6117,迎廣,2015-12-10,16000.0,234350.0,14.5,14.8,14.5,14.5,-0.3,12.0
6117,迎廣,2015-12-11,22000.0,319000.0,14.5,14.5,14.5,14.5,0.0,3.0
6117,迎廣,2015-12-14,11000.0,158100.0,14.1,14.4,14.1,14.4,-0.1,3.0
6117,迎廣,2015-12-15,3000.0,43050.0,14.35,14.35,14.35,14.35,-0.05,1.0
6117,迎廣,2015-12-16,6000.0,87300.0,14.5,14.8,14.5,14.8,0.45,2.0
6117,迎廣,2015-12-17,15000.0,218650.0,14.8,14.8,14.35,14.75,-0.05,12.0
6117,迎廣,2015-12-18,3000.0,44250.0,14.75,14.75,14.75,14.75,0.0,1.0
6117,迎廣,2015-12-21,13000.0,190750.0,14.65,14.75,14.65,14.75,0.0,4.0
6117,迎廣,2015-12-22,3078.0,45396.0,14.75,14.75,14.75,14.75,0.0,2.0
6117,迎廣,2015-12-23,25000.0,365200.0,14.75,14.8,14.5,14.75,0.0,6.0
6117,迎廣,2015-12-24,29500.0,430250.0,14.75,14.75,14.5,14.6,-0.15,13.0
6117,迎廣,2015-12-25,16000.0,235800.0,14.7,14.8,14.7,14.8,0.2,4.0
6117,迎廣,2015-12-28,10000.0,147700.0,14.8,14.8,14.6,14.8,0.0,5.0
6117,迎廣,2015-12-29,19000.0,281800.0,14.8,14.9,14.6,14.9,0.1,4.0
6117,迎廣,2015-12-30,9000.0,134350.0,14.95,15.0,14.85,14.85,-0.05,7.0
6117,迎廣,2015-12-31,2000.0,29700.0,14.85,14.85,14.85,14.85,0.0,2.0
6117,迎廣,2016-01-04,6000.0,88500.0,14.8,14.8,14.5,14.8,-0.05,3.0
6117,迎廣,2016-01-05,7036.0,104129.0,14.8,14.8,14.8,14.8,0.0,5.0
6117,迎廣,2016-01-06,14094.0,206781.0,14.8,14.8,14.5,14.8,0.0,7.0
6117,迎廣,2016-01-07,7000.0,103100.0,14.8,14.8,14.3,14.8,0.0,5.0
6117,迎廣,2016-01-08,6000.0,88200.0,14.6,14.8,14.6,14.8,0.0,2.0
6117,迎廣,2016-01-11,18000.0,257300.0,14.8,14.8,14.2,14.2,-0.6,10.0
6117,迎廣,2016-01-12,24340.0,349095.0,14.6,14.7,14.2,14.5,0.3,14.0
6117,迎廣,2016-01-13,15911.0,231409.0,14.7,14.7,14.5,14.6,0.1,4.0
6117,迎廣,2016-01-14,9012.0,130274.0,14.6,14.6,14.2,14.6,0.0,6.0
6117,迎廣,2016-01-15,11000.0,160400.0,14.6,14.7,14.3,14.7,0.1,7.0
6117,迎廣,2016-01-18,4000.0,58850.0,14.65,14.8,14.65,14.8,0.1,3.0
6117,迎廣,2016-01-19,7000.0,102700.0,14.8,14.8,14.35,14.8,0.0,4.0
6117,迎廣,2016-01-20,2000.0,29600.0,14.8,14.8,14.8,14.8,0.0,1.0
6117,迎廣,2016-01-21,7000.0,103350.0,14.75,14.8,14.7,14.8,0.0,5.0
6117,迎廣,2016-01-22,6000.0,88550.0,14.8,14.8,14.7,14.8,0.0,6.0
6117,迎廣,2016-01-25,1000.0,14900.0,14.9,14.9,14.9,14.9,0.1,1.0
6117,迎廣,2016-01-26,9000.0,133650.0,14.85,14.9,14.8,14.9,0.0,4.0
6117,迎廣,2016-01-27,15911.0,237173.0,14.5,15.0,14.5,15.0,0.1,10.0
6117,迎廣,2016-01-28,12000.0,178000.0,14.8,15.0,14.8,15.0,0.0,4.0
6117,迎廣,2016-01-29,16000.0,230300.0,14.35,14.55,14.35,14.35,-0.65,13.0
6117,迎廣,2016-01-30,8900.0,129719.0,14.4,14.9,14.4,14.9,0.55,7.0
6117,迎廣,2016-02-01,4934.0,71555.0,14.65,14.65,14.45,14.45,-0.45,6.0
6117,迎廣,2016-02-02,4000.0,58100.0,14.55,14.55,14.45,14.45,0.0,3.0
6117,迎廣,2016-02-03,1000.0,14800.0,14.8,14.8,14.8,14.8,0.35,1.0
6117,迎廣,2016-02-15,11000.0,158550.0,14.7,14.75,14.25,14.25,-0.55,7.0
6117,迎廣,2016-02-16,65000.0,896200.0,13.85,13.95,13.6,13.85,-0.4,31.0
6117,迎廣,2016-02-17,3181.0,44365.0,13.95,13.95,13.95,13.95,0.1,4.0
6117,迎廣,2016-02-18,8000.0,111800.0,14.05,14.05,13.95,14.05,0.1,5.0
6117,迎廣,2016-02-19,8023.0,113169.0,14.05,14.4,13.95,13.95,-0.1,6.0
6117,迎廣,2016-02-22,7000.0,96950.0,13.95,14.0,13.8,14.0,0.05,3.0
6117,迎廣,2016-02-23,4360.0,60868.0,14.1,14.1,13.9,13.9,-0.1,4.0
6117,迎廣,2016-02-24,3000.0,41850.0,13.85,14.1,13.85,14.1,0.2,3.0
6117,迎廣,2016-02-25,11000.0,153100.0,14.1,14.1,13.75,14.05,-0.05,8.0
6117,迎廣,2016-02-26,1000.0,14050.0,14.05,14.05,14.05,14.05,0.0,1.0
6117,迎廣,2016-03-01,11000.0,151150.0,13.75,13.95,13.7,13.95,-0.1,9.0
6117,迎廣,2016-03-02,15000.0,208800.0,13.9,14.2,13.9,14.2,0.25,6.0
6117,迎廣,2016-03-03,3500.0,49500.0,14.15,14.15,14.15,14.15,-0.05,2.0
6117,迎廣,2016-03-04,2000.0,28300.0,14.15,14.15,14.15,14.15,0.0,1.0
6117,迎廣,2016-03-07,24000.0,335100.0,14.15,14.15,13.9,13.9,-0.25,3.0
6117,迎廣,2016-03-08,3000.0,41850.0,13.9,14.05,13.9,14.05,0.15,3.0
6117,迎廣,2016-03-09,1911.0,26662.0,14.0,14.0,14.0,14.0,-0.05,3.0
6117,迎廣,2016-03-10,19080.0,266162.0,14.0,14.0,13.9,14.0,0.0,9.0
6117,迎廣,2016-03-11,4000.0,55750.0,14.0,14.0,13.9,13.9,-0.1,3.0
6117,迎廣,2016-03-14,12000.0,167400.0,13.9,14.05,13.9,13.9,0.0,8.0
6117,迎廣,2016-03-15,56000.0,760200.0,13.55,13.85,13.55,13.75,-0.15,11.0
6117,迎廣,2016-03-16,22360.0,316640.0,14.0,14.65,13.95,14.1,0.35,17.0
6117,迎廣,2016-03-17,3000.0,41950.0,13.9,14.15,13.9,14.15,0.05,3.0
6117,迎廣,2016-03-18,4000.0,56750.0,14.3,14.3,14.15,14.15,0.0,2.0
6117,迎廣,2016-03-21,7911.0,110771.0,14.15,14.15,13.9,13.9,-0.25,6.0
6117,迎廣,2016-03-22,4000.0,56250.0,14.15,14.15,13.95,13.95,0.05,3.0
6117,迎廣,2016-03-23,3006.0,41228.0,13.7,13.75,13.7,13.75,-0.2,9.0
6117,迎廣,2016-03-24,1000.0,13750.0,13.75,13.75,13.75,13.75,0.0,1.0
6117,迎廣,2016-03-25,6000.0,83650.0,13.9,14.0,13.9,14.0,0.25,5.0
6117,迎廣,2016-03-28,4000.0,55000.0,13.75,13.75,13.75,13.75,-0.25,3.0
6117,迎廣,2016-03-29,5009.0,68975.0,13.75,13.85,13.75,13.85,0.1,5.0
6117,迎廣,2016-03-30,7500.0,105000.0,14.0,14.0,14.0,14.0,0.15,4.0
6117,迎廣,2016-03-31,4000.0,56000.0,14.0,14.0,14.0,14.0,0.0,1.0
6117,迎廣,2016-04-01,30100.0,414750.0,13.8,14.05,13.7,14.05,0.05,14.0
6117,迎廣,2016-04-06,4403.0,61682.0,14.05,14.2,13.7,14.2,0.15,5.0
6117,迎廣,2016-04-07,2720.0,38552.0,14.2,14.2,14.2,14.2,0.0,3.0
6117,迎廣,2016-04-08,2000.0,28400.0,14.2,14.2,14.2,14.2,0.0,1.0
6117,迎廣,2016-04-11,16000.0,220900.0,13.8,13.9,13.8,13.8,-0.4,4.0
6117,迎廣,2016-04-12,9017.0,125038.0,13.8,14.1,13.8,14.1,0.3,9.0
6117,迎廣,2016-04-13,10000.0,140000.0,14.0,14.0,14.0,14.0,-0.1,1.0
6117,迎廣,2016-04-14,14872.0,209895.0,14.0,14.2,14.0,14.2,0.2,10.0
6117,迎廣,2016-04-15,12000.0,167900.0,14.0,14.0,13.95,13.95,-0.25,3.0
6117,迎廣,2016-04-18,63020.0,912946.0,13.95,15.2,13.95,14.9,0.95,28.0
6117,迎廣,2016-04-19,30001.0,445364.0,15.0,15.0,14.4,14.4,-0.5,15.0
6117,迎廣,2016-04-20,1000.0,14900.0,14.9,14.9,14.9,14.9,0.5,1.0
6117,迎廣,2016-04-21,5000.0,72750.0,14.8,14.8,14.3,14.5,-0.4,4.0
6117,迎廣,2016-04-22,8000.0,114100.0,14.1,14.5,14.1,14.5,0.0,6.0
6117,迎廣,2016-04-25,5000.0,71200.0,14.3,14.3,14.15,14.15,-0.35,3.0
6117,迎廣,2016-04-26,8000.0,113350.0,14.3,14.3,13.95,14.2,0.05,6.0
6117,迎廣,2016-04-27,18180.0,262778.0,14.3,14.7,14.3,14.65,0.45,13.0
6117,迎廣,2016-04-28,4000.0,57800.0,14.65,14.65,14.25,14.25,-0.4,3.0
6117,迎廣,2016-04-29,5000.0,71850.0,14.3,14.65,14.3,14.65,0.4,4.0
6117,迎廣,2016-05-03,13000.0,191350.0,14.65,15.1,14.25,14.25,-0.4,10.0
6117,迎廣,2016-05-04,19000.0,269150.0,14.2,14.7,14.0,14.7,0.45,7.0
6117,迎廣,2016-05-05,7000.0,99300.0,14.35,14.35,14.1,14.1,-0.6,5.0
6117,迎廣,2016-05-06,9001.0,126164.0,14.0,14.15,14.0,14.0,-0.1,7.0
6117,迎廣,2016-05-09,1000.0,14000.0,14.0,14.0,14.0,14.0,0.0,1.0
6117,迎廣,2016-05-10,5500.0,76674.0,13.95,13.95,13.95,13.95,-0.05,3.0
6117,迎廣,2016-05-11,10000.0,138700.0,13.95,13.95,13.75,13.75,-0.2,3.0
6117,迎廣,2016-05-12,5000.0,68750.0,13.75,13.75,13.75,13.75,0.0,2.0
6117,迎廣,2016-05-13,3000.0,41250.0,13.75,13.75,13.75,13.75,0.0,1.0
6117,迎廣,2016-05-16,6000.0,82850.0,14.0,14.0,13.75,13.75,0.0,3.0
6117,迎廣,2016-05-17,26001.0,356513.0,13.75,13.75,13.7,13.75,0.0,8.0
6117,迎廣,2016-05-18,3000.0,41250.0,13.75,13.75,13.75,13.75,0.0,1.0
6117,迎廣,2016-05-19,57000.0,771300.0,13.8,13.8,12.85,12.95,-0.8,17.0
6117,迎廣,2016-05-20,41212.0,536490.0,13.1,13.5,12.8,13.5,0.55,17.0
6117,迎廣,2016-05-23,3011.0,40948.0,13.6,13.6,13.6,13.6,0.1,2.0
6117,迎廣,2016-05-24,3000.0,40800.0,13.6,13.6,13.6,13.6,0.0,1.0
6117,迎廣,2016-05-25,15000.0,206150.0,13.7,13.75,13.7,13.75,0.15,4.0
6117,迎廣,2016-05-26,5000.0,68750.0,13.75,13.75,13.75,13.75,0.0,3.0
6117,迎廣,2016-05-27,2000.0,27600.0,13.8,13.8,13.8,13.8,0.05,1.0
6117,迎廣,2016-05-30,37000.0,510500.0,13.55,13.9,13.55,13.9,0.1,14.0
6117,迎廣,2016-05-31,2002.0,27727.0,13.85,13.85,13.85,13.85,-0.05,2.0
6117,迎廣,2016-06-01,6000.0,84400.0,14.0,14.4,14.0,14.0,0.15,3.0
6117,迎廣,2016-06-02,9000.0,126200.0,13.9,14.3,13.9,14.3,0.3,5.0
6117,迎廣,2016-06-03,3000.0,42650.0,14.05,14.3,14.05,14.3,0.0,3.0
6117,迎廣,2016-06-04,1000.0,14550.0,14.55,14.55,14.55,14.55,0.25,1.0
6117,迎廣,2016-06-06,3000.0,43100.0,14.55,14.55,14.0,14.0,-0.55,2.0
6117,迎廣,2016-06-07,2000.0,28000.0,14.0,14.0,14.0,14.0,0.0,1.0
6117,迎廣,2016-06-08,5000.0,70150.0,14.1,14.15,13.9,14.15,0.15,3.0
6117,迎廣,2016-06-13,1000.0,14150.0,14.15,14.15,14.15,14.15,0.0,1.0
6117,迎廣,2016-06-14,11495.0,161779.0,14.25,14.25,13.8,14.2,0.05,6.0
6117,迎廣,2016-06-15,15495.0,218879.0,14.05,14.2,14.05,14.2,0.0,10.0
6117,迎廣,2016-06-16,9000.0,127850.0,14.3,14.3,14.15,14.2,0.0,6.0
6117,迎廣,2016-06-17,8911.0,125495.0,14.05,14.2,14.05,14.2,0.0,6.0
6117,迎廣,2016-06-20,56767.0,801243.0,14.25,14.3,14.0,14.2,0.0,21.0
6117,迎廣,2016-06-21,5448.0,77066.0,14.15,14.15,14.15,14.15,-0.05,4.0
6117,迎廣,2016-06-22,3000.0,42350.0,14.15,14.15,14.05,14.05,-0.1,2.0
6117,迎廣,2016-06-23,3000.0,42450.0,14.15,14.15,14.15,14.15,0.1,1.0
6117,迎廣,2016-06-24,26143.0,362586.0,14.15,14.15,13.8,13.8,-0.35,13.0
6117,迎廣,2016-06-27,21000.0,288850.0,13.55,14.15,13.55,14.15,0.35,7.0
6117,迎廣,2016-06-28,16000.0,225850.0,14.15,14.2,13.8,14.2,0.05,10.0
6117,迎廣,2016-06-29,6599.0,92356.0,14.1,14.1,13.9,13.9,-0.3,5.0
6117,迎廣,2016-06-30,7000.0,96950.0,14.0,14.0,13.8,13.8,-0.1,3.0
6117,迎廣,2016-07-01,2000.0,28000.0,14.0,14.0,14.0,14.0,0.2,1.0
6117,迎廣,2016-07-04,4000.0,56200.0,14.1,14.1,14.0,14.0,0.0,2.0
6117,迎廣,2016-07-05,31180.0,442506.0,14.0,14.9,14.0,14.15,0.15,21.0
6117,迎廣,2016-07-06,33000.0,460500.0,14.15,14.15,13.9,13.9,-0.25,12.0
6117,迎廣,2016-07-07,469501.0,7143539.0,14.2,15.25,14.2,15.25,1.35,151.0
6117,迎廣,2016-07-11,432000.0,6664150.0,15.55,15.75,15.05,15.3,0.05,198.0
6117,迎廣,2016-07-12,56000.0,836100.0,15.3,15.3,14.75,14.95,-0.35,44.0
6117,迎廣,2016-07-13,37000.0,554250.0,15.05,15.05,14.8,15.05,0.1,24.0
6117,迎廣,2016-07-14,27000.0,399650.0,15.1,15.1,14.55,14.7,-0.35,23.0
6117,迎廣,2016-07-15,64360.0,928176.0,14.7,14.7,14.2,14.2,-0.5,35.0
6117,迎廣,2016-07-18,41180.0,598406.0,14.3,14.7,14.3,14.45,0.25,30.0
6117,迎廣,2016-07-19,50000.0,722500.0,14.45,14.65,14.35,14.35,-0.1,17.0
6117,迎廣,2016-07-20,10360.0,150611.0,14.6,14.65,14.45,14.45,0.1,10.0
6117,迎廣,2016-07-21,30000.0,436000.0,14.55,14.55,14.45,14.45,0.0,16.0
6117,迎廣,2016-07-22,14823.0,212722.0,14.55,14.55,14.3,14.3,-0.15,12.0
6117,迎廣,2016-07-25,27498.0,399721.0,14.95,14.95,14.45,14.45,0.15,15.0
6117,迎廣,2016-07-26,4000.0,57700.0,14.45,14.45,14.35,14.45,0.0,4.0
6117,迎廣,2016-07-27,26360.0,378462.0,14.25,14.45,14.25,14.45,0.0,14.0
6117,迎廣,2016-07-28,11416.0,164998.0,14.5,14.55,14.35,14.55,0.1,10.0
6117,迎廣,2016-07-29,6000.0,87550.0,14.6,14.6,14.55,14.55,0.0,5.0
6117,迎廣,2016-08-01,28180.0,406574.0,14.55,14.65,14.35,14.6,0.05,13.0
6117,迎廣,2016-08-02,20911.0,304518.0,14.35,14.8,14.35,14.7,0.1,14.0
6117,迎廣,2016-08-03,29000.0,421850.0,14.6,14.7,14.35,14.65,-0.05,15.0
6117,迎廣,2016-08-04,40000.0,577050.0,14.35,14.55,14.25,14.45,-0.2,19.0
6117,迎廣,2016-08-05,32000.0,460550.0,14.6,14.6,14.35,14.5,0.05,13.0
6117,迎廣,2016-08-08,6000.0,87050.0,14.5,14.55,14.5,14.5,0.0,4.0
6117,迎廣,2016-08-09,29360.0,425634.0,14.4,14.7,14.35,14.65,0.15,15.0
6117,迎廣,2016-08-10,12000.0,172400.0,14.6,14.6,14.25,14.6,-0.05,6.0
6117,迎廣,2016-08-11,91007.0,1353455.0,14.65,15.3,14.65,15.3,0.7,48.0
6117,迎廣,2016-08-12,43000.0,649700.0,15.45,15.45,14.9,14.95,-0.35,15.0
6117,迎廣,2016-08-15,26180.0,392346.0,14.85,15.1,14.85,14.95,0.0,15.0
6117,迎廣,2016-08-16,49947.0,749369.0,15.0,15.1,14.9,15.0,0.05,22.0
6117,迎廣,2016-08-17,91081.0,1363836.0,14.9,15.25,14.7,15.2,0.2,36.0
6117,迎廣,2016-08-18,22000.0,327800.0,15.05,15.1,14.8,14.8,-0.4,9.0
6117,迎廣,2016-08-19,12081.0,178482.0,14.9,14.9,14.65,14.9,0.1,12.0
6117,迎廣,2016-08-22,20082.0,297939.0,14.9,15.1,14.7,14.75,-0.15,16.0
6117,迎廣,2016-08-23,2360.0,34960.0,14.95,14.95,14.7,14.7,-0.05,3.0
6117,迎廣,2016-08-24,24072.0,355151.0,14.8,14.9,14.65,14.9,0.2,12.0
6117,迎廣,2016-08-25,8000.0,119150.0,14.9,15.0,14.75,15.0,0.1,6.0
6117,迎廣,2016-08-26,9000.0,134250.0,14.95,15.05,14.8,14.8,-0.2,6.0
6117,迎廣,2016-08-29,18000.0,265200.0,14.8,14.9,14.7,14.9,0.1,8.0
6117,迎廣,2016-08-30,28000.0,411300.0,14.7,14.7,14.65,14.65,-0.25,12.0
6117,迎廣,2016-08-31,16000.0,234150.0,14.55,14.8,14.55,14.55,-0.1,9.0
6117,迎廣,2016-09-01,3000.0,43800.0,14.65,14.65,14.5,14.5,-0.05,2.0
6117,迎廣,2016-09-02,23360.0,341434.0,14.5,14.8,14.5,14.7,0.2,11.0
6117,迎廣,2016-09-05,6000.0,87650.0,14.8,14.8,14.55,14.55,-0.15,4.0
6117,迎廣,2016-09-06,5000.0,73200.0,14.65,14.7,14.6,14.6,0.05,3.0
6117,迎廣,2016-09-07,4040.0,58986.0,14.6,14.6,14.6,14.6,0.0,4.0
6117,迎廣,2016-09-08,6000.0,87600.0,14.6,14.6,14.6,14.6,0.0,2.0
6117,迎廣,2016-09-09,4000.0,58600.0,14.6,14.8,14.6,14.8,0.2,3.0
6117,迎廣,2016-09-10,8000.0,117050.0,14.7,14.7,14.5,14.65,-0.15,3.0
6117,迎廣,2016-09-12,38000.0,566650.0,14.8,15.1,14.7,14.7,0.05,21.0
6117,迎廣,2016-09-13,28000.0,404350.0,14.6,14.7,14.3,14.3,-0.4,12.0
6117,迎廣,2016-09-14,27000.0,390800.0,14.45,14.6,14.3,14.6,0.3,7.0
6117,迎廣,2016-09-19,99000.0,1404700.0,14.6,14.7,14.1,14.1,-0.5,22.0
6117,迎廣,2016-09-20,35021.0,503802.0,14.7,14.7,14.25,14.3,0.2,17.0
6117,迎廣,2016-09-21,53000.0,780450.0,14.4,15.15,14.15,14.8,0.5,37.0
6117,迎廣,2016-09-22,44760.0,658267.0,15.0,15.0,14.45,14.6,-0.2,30.0
6117,迎廣,2016-09-23,20000.0,292800.0,14.8,14.8,14.5,14.5,-0.1,8.0
6117,迎廣,2016-09-26,5000.0,72600.0,14.6,14.6,14.4,14.5,0.0,3.0
6117,迎廣,2016-09-29,4000.0,57450.0,14.4,14.4,14.35,14.35,-0.15,3.0
6117,迎廣,2016-09-30,14000.0,200200.0,14.25,14.35,14.25,14.35,0.0,4.0
6117,迎廣,2016-10-03,7000.0,101000.0,14.5,14.5,14.3,14.3,-0.05,3.0
6117,迎廣,2016-10-04,15800.0,226050.0,14.35,14.35,14.3,14.3,0.0,10.0
6117,迎廣,2016-10-05,28200.0,403950.0,14.35,14.5,14.2,14.5,0.2,17.0
6117,迎廣,2016-10-06,44000.0,630600.0,14.4,14.5,14.25,14.5,0.0,12.0
6117,迎廣,2016-10-07,11416.0,163324.0,14.5,14.5,14.25,14.25,-0.25,6.0
6117,迎廣,2016-10-11,17000.0,241850.0,14.35,14.35,14.2,14.2,-0.05,4.0
6117,迎廣,2016-10-12,32180.0,454634.0,14.3,14.3,14.1,14.1,-0.1,12.0
6117,迎廣,2016-10-13,43000.0,606000.0,14.1,14.1,14.0,14.0,-0.1,4.0
6117,迎廣,2016-10-14,8000.0,112800.0,14.1,14.1,14.1,14.1,0.1,5.0
6117,迎廣,2016-10-17,11000.0,154100.0,14.1,14.1,14.0,14.0,-0.1,4.0
6117,迎廣,2016-10-18,33000.0,461450.0,14.1,14.15,13.9,14.15,0.15,14.0
6117,迎廣,2016-10-19,29000.0,408350.0,14.15,14.15,14.0,14.1,-0.05,14.0
6117,迎廣,2016-10-20,4000.0,56200.0,14.15,14.15,13.95,13.95,-0.15,3.0
6117,迎廣,2016-10-21,10000.0,140250.0,14.05,14.1,13.95,13.95,0.0,6.0
6117,迎廣,2016-10-24,8000.0,111900.0,14.0,14.0,13.95,13.95,0.0,3.0
6117,迎廣,2016-10-25,9000.0,125700.0,14.05,14.05,13.9,13.9,-0.05,6.0
6117,迎廣,2016-10-26,16000.0,223050.0,13.95,14.0,13.9,14.0,0.1,9.0
6117,迎廣,2016-10-27,37000.0,522200.0,14.0,14.4,14.0,14.1,0.1,6.0
6117,迎廣,2016-10-28,45000.0,631100.0,14.1,14.1,13.95,14.0,-0.1,8.0
6117,迎廣,2016-10-31,7000.0,97700.0,14.0,14.0,13.9,13.9,-0.1,4.0
6117,迎廣,2016-11-01,3000.0,41850.0,14.0,14.0,13.85,13.85,-0.05,2.0
6117,迎廣,2016-11-02,9000.0,125500.0,13.9,14.0,13.9,13.9,0.05,6.0
6117,迎廣,2016-11-03,45000.0,634500.0,13.95,14.2,13.95,14.05,0.15,7.0
6117,迎廣,2016-11-04,26000.0,364400.0,14.05,14.15,13.85,13.95,-0.1,9.0
6117,迎廣,2016-11-07,14000.0,196950.0,14.05,14.1,13.85,14.05,0.1,4.0
6117,迎廣,2016-11-08,3000.0,42100.0,14.05,14.05,14.0,14.0,-0.05,2.0
6117,迎廣,2016-11-09,51000.0,713800.0,14.0,14.3,13.7,13.95,-0.05,11.0
6117,迎廣,2016-11-10,3239.0,45274.0,14.0,14.0,14.0,14.0,0.05,3.0
6117,迎廣,2016-11-11,8000.0,111850.0,13.95,14.15,13.9,13.9,-0.1,5.0
6117,迎廣,2016-11-14,10000.0,138100.0,13.9,14.0,13.7,13.7,-0.2,4.0
6117,迎廣,2016-11-15,12000.0,164100.0,13.8,13.85,13.6,13.6,-0.1,10.0
6117,迎廣,2016-11-16,45000.0,614650.0,13.7,13.75,13.65,13.75,0.15,4.0
6117,迎廣,2016-11-17,21000.0,294400.0,13.75,14.15,13.75,14.05,0.3,8.0
6117,迎廣,2016-11-18,9000.0,125750.0,14.05,14.05,13.95,13.95,-0.1,3.0
6117,迎廣,2016-11-21,82500.0,1124849.0,14.0,14.0,13.55,13.6,-0.35,33.0
6117,迎廣,2016-11-22,8846.0,120150.0,13.6,13.65,13.6,13.6,0.0,11.0
6117,迎廣,2016-11-23,245000.0,3449000.0,13.6,14.95,13.6,13.8,0.2,113.0
6117,迎廣,2016-11-24,34000.0,465250.0,13.8,13.8,13.6,13.7,-0.1,15.0
6117,迎廣,2016-11-25,16000.0,218300.0,13.75,13.75,13.55,13.6,-0.1,9.0
6117,迎廣,2016-11-28,17000.0,229500.0,13.55,13.55,13.4,13.4,-0.2,11.0
6117,迎廣,2016-11-29,12200.0,162540.0,13.4,13.4,13.3,13.4,0.0,9.0
6117,迎廣,2016-11-30,38180.0,512326.0,13.45,13.5,13.35,13.45,0.05,12.0
6117,迎廣,2016-12-01,5000.0,67500.0,13.5,13.55,13.4,13.4,-0.05,3.0
6117,迎廣,2016-12-02,15720.0,210332.0,13.45,13.5,13.35,13.35,-0.05,6.0
6117,迎廣,2016-12-05,6400.0,86180.0,13.45,13.5,13.45,13.5,0.15,4.0
6117,迎廣,2016-12-06,13000.0,173900.0,13.45,13.5,13.3,13.3,-0.2,7.0
6117,迎廣,2016-12-07,23000.0,303850.0,13.4,13.45,13.1,13.25,-0.05,11.0
6117,迎廣,2016-12-08,47000.0,620200.0,13.3,13.4,13.1,13.15,-0.1,24.0
6117,迎廣,2016-12-09,62039.0,819912.0,13.15,13.3,13.15,13.2,0.05,23.0
6117,迎廣,2016-12-12,3000.0,39600.0,13.2,13.2,13.2,13.2,0.0,2.0
6117,迎廣,2016-12-13,34000.0,442050.0,13.2,13.3,12.8,13.0,-0.2,14.0
6117,迎廣,2016-12-14,15498.0,202224.0,13.1,13.15,12.9,13.0,0.0,8.0
6117,迎廣,2016-12-15,12000.0,155350.0,12.9,13.0,12.9,13.0,0.0,7.0
6117,迎廣,2016-12-16,19914.0,258965.0,13.1,13.1,12.9,12.9,-0.1,14.0
6117,迎廣,2016-12-19,9000.0,117050.0,13.05,13.1,12.9,13.05,0.15,5.0
6117,迎廣,2016-12-20,2000.0,26000.0,13.0,13.0,13.0,13.0,-0.05,1.0
6117,迎廣,2016-12-21,10000.0,129850.0,13.05,13.1,12.85,12.85,-0.15,8.0
6117,迎廣,2016-12-22,3360.0,43572.0,13.0,13.0,13.0,13.0,0.15,3.0
6117,迎廣,2016-12-23,21000.0,274200.0,13.05,13.1,13.0,13.0,0.0,11.0
6117,迎廣,2016-12-26,25000.0,323950.0,13.0,13.1,12.8,12.9,-0.1,11.0
6117,迎廣,2016-12-27,10000.0,129750.0,13.0,13.0,12.95,12.95,0.05,4.0
6117,迎廣,2016-12-28,7000.0,91000.0,13.0,13.0,13.0,13.0,0.05,2.0
6117,迎廣,2016-12-29,2000.0,26000.0,13.0,13.0,13.0,13.0,0.0,1.0
6117,迎廣,2016-12-30,8000.0,104750.0,13.05,13.2,13.05,13.2,0.2,4.0
6117,迎廣,2017-01-03,14000.0,185600.0,13.3,13.3,13.2,13.3,0.1,10.0
6117,迎廣,2017-01-04,3463.0,45815.0,13.2,13.35,13.2,13.35,0.05,3.0
6117,迎廣,2017-01-05,16000.0,211800.0,13.35,13.35,13.2,13.2,-0.15,5.0
6117,迎廣,2017-01-06,60008.0,810304.0,13.35,13.7,13.35,13.35,0.15,19.0
6117,迎廣,2017-01-09,16000.0,213000.0,13.35,13.4,13.25,13.25,-0.1,12.0
6117,迎廣,2017-01-10,11000.0,145650.0,13.25,13.25,13.2,13.25,0.0,4.0
6117,迎廣,2017-01-11,10000.0,133000.0,13.3,13.3,13.3,13.3,0.05,7.0
6117,迎廣,2017-01-12,16540.0,221628.0,13.3,13.5,13.3,13.5,0.2,12.0
6117,迎廣,2017-01-13,25911.0,350966.0,13.4,13.65,13.4,13.6,0.1,14.0
6117,迎廣,2017-01-16,25000.0,342950.0,13.65,13.9,13.6,13.6,0.0,7.0
6117,迎廣,2017-01-17,4000.0,54700.0,13.7,13.7,13.65,13.65,0.05,2.0
6117,迎廣,2017-01-18,12000.0,164850.0,13.65,13.8,13.65,13.8,0.15,10.0
6117,迎廣,2017-01-19,15001.0,207663.0,13.8,13.85,13.8,13.85,0.05,11.0
6117,迎廣,2017-01-20,16180.0,222061.0,13.85,13.85,13.65,13.65,-0.2,10.0
6117,迎廣,2017-01-23,29000.0,398650.0,13.7,13.8,13.7,13.75,0.1,11.0
6117,迎廣,2017-01-24,8000.0,110850.0,13.8,13.9,13.8,13.85,0.1,6.0
6117,迎廣,2017-02-02,36180.0,506016.0,13.85,14.1,13.85,14.0,0.15,17.0
6117,迎廣,2017-02-03,18000.0,255200.0,14.3,14.3,14.0,14.3,0.3,11.0
6117,迎廣,2017-02-06,14000.0,200350.0,14.35,14.35,14.3,14.3,0.0,6.0
6117,迎廣,2017-02-07,27000.0,396200.0,14.8,14.8,14.4,14.6,0.3,13.0
6117,迎廣,2017-02-08,82000.0,1188850.0,14.7,14.7,14.3,14.3,-0.3,20.0
6117,迎廣,2017-02-09,33000.0,477250.0,14.4,14.55,14.35,14.5,0.2,15.0
6117,迎廣,2017-02-10,22000.0,318650.0,14.5,14.5,14.35,14.45,-0.05,6.0
6117,迎廣,2017-02-13,72001.0,1045564.0,14.7,14.7,14.45,14.5,0.05,17.0
6117,迎廣,2017-02-14,127469.0,1859403.0,14.6,14.75,14.5,14.7,0.2,38.0
6117,迎廣,2017-02-15,69000.0,1025200.0,14.6,15.05,14.55,14.9,0.2,33.0
6117,迎廣,2017-02-16,146360.0,2218750.0,15.0,15.3,15.0,15.3,0.4,64.0
6117,迎廣,2017-02-17,379000.0,5906700.0,15.4,16.0,15.4,16.0,0.7,105.0
6117,迎廣,2017-02-18,192018.0,3222145.0,17.0,17.25,16.5,16.7,0.7,72.0
6117,迎廣,2017-02-20,92500.0,1526649.0,16.75,16.75,16.0,16.4,-0.3,36.0
6117,迎廣,2017-02-21,100000.0,1623700.0,16.15,16.45,16.15,16.3,-0.1,45.0
6117,迎廣,2017-02-22,51000.0,836450.0,16.4,16.5,16.3,16.35,0.05,21.0
6117,迎廣,2017-02-23,39504.0,647763.0,16.45,16.5,16.2,16.2,-0.15,24.0
6117,迎廣,2017-02-24,26000.0,422250.0,16.3,16.3,16.2,16.25,0.05,17.0
6117,迎廣,2017-03-01,79000.0,1285450.0,16.3,16.4,16.25,16.25,0.0,18.0
6117,迎廣,2017-03-02,25000.0,405400.0,16.3,16.3,16.15,16.25,0.0,15.0
6117,迎廣,2017-03-03,31000.0,505100.0,16.3,16.3,16.2,16.3,0.05,15.0
6117,迎廣,2017-03-06,21731.0,357769.0,16.7,16.7,16.4,16.45,0.15,10.0
6117,迎廣,2017-03-07,14000.0,229750.0,16.5,16.5,16.35,16.35,-0.1,7.0
6117,迎廣,2017-03-08,22833.0,374327.0,16.4,16.4,16.35,16.4,0.05,17.0
6117,迎廣,2017-03-09,34170.0,559837.0,16.45,16.45,16.3,16.4,0.0,18.0
6117,迎廣,2017-03-10,20000.0,327250.0,16.4,16.4,16.2,16.4,0.0,12.0
6117,迎廣,2017-03-13,25001.0,410866.0,16.4,16.45,16.3,16.45,0.05,17.0
6117,迎廣,2017-03-14,30000.0,491000.0,16.45,16.45,16.15,16.15,-0.3,15.0
6117,迎廣,2017-03-15,76000.0,1261100.0,16.1,17.2,16.1,17.2,1.05,32.0
6117,迎廣,2017-03-16,78855.0,1349614.0,17.2,17.3,17.0,17.1,-0.1,38.0
6117,迎廣,2017-03-17,43024.0,741554.0,17.4,17.4,17.1,17.2,0.1,23.0
6117,迎廣,2017-03-20,35000.0,598700.0,16.65,17.15,16.65,17.15,-0.05,10.0
6117,迎廣,2017-03-21,24000.0,405250.0,16.9,17.0,16.85,16.85,-0.3,10.0
6117,迎廣,2017-03-22,26832.0,452294.0,16.7,17.0,16.7,17.0,0.15,16.0
6117,迎廣,2017-03-23,48000.0,810800.0,17.0,17.0,16.8,16.8,-0.2,20.0
6117,迎廣,2017-03-24,18000.0,303500.0,17.1,17.1,16.8,16.8,0.0,10.0
6117,迎廣,2017-03-27,21000.0,352900.0,16.85,16.85,16.8,16.8,0.0,7.0
6117,迎廣,2017-03-28,15001.0,249716.0,16.8,16.8,16.5,16.5,-0.3,10.0
6117,迎廣,2017-03-29,20000.0,329950.0,16.5,16.5,16.45,16.45,-0.05,6.0
6117,迎廣,2017-03-30,31333.0,535260.0,17.4,17.4,16.7,16.7,0.25,21.0
6117,迎廣,2017-03-31,38900.0,649308.0,16.7,16.9,16.6,16.7,0.0,19.0
6117,迎廣,2017-04-05,50800.0,849940.0,16.95,16.95,16.6,16.65,-0.05,24.0
6117,迎廣,2017-04-06,34000.0,570550.0,17.0,17.0,16.4,16.8,0.15,24.0
6117,迎廣,2017-04-07,48000.0,799150.0,16.7,16.8,16.6,16.65,-0.15,19.0
6117,迎廣,2017-04-10,25260.0,421764.0,16.7,16.7,16.7,16.7,0.05,10.0
6117,迎廣,2017-04-11,6000.0,99900.0,16.6,16.7,16.6,16.7,0.0,5.0
6117,迎廣,2017-04-12,13540.0,224248.0,16.7,16.7,16.5,16.5,-0.2,12.0
6117,迎廣,2017-04-13,25000.0,412250.0,16.55,16.55,16.05,16.45,-0.05,8.0
6117,迎廣,2017-04-14,6007.0,100617.0,16.6,17.2,16.6,17.2,0.75,7.0
6117,迎廣,2017-04-17,16000.0,269000.0,17.2,17.2,16.5,17.05,-0.15,8.0
6117,迎廣,2017-04-18,0.0,0.0,0.0,0.0,0.0,0.0,0.0,0.0
6117,迎廣,2017-04-19,35035.0,656905.0,18.75,18.75,18.75,18.75,0.0,21.0
6117,迎廣,2017-04-20,56482.0,1163529.0,20.6,20.6,20.6,20.6,1.85,36.0
6117,迎廣,2017-04-21,4545169.0,101635959.0,22.65,22.65,21.25,21.5,0.9,1757.0
6117,迎廣,2017-04-24,1175124.0,23603498.0,21.5,21.7,19.4,19.4,-2.1,517.0
6117,迎廣,2017-04-25,762850.0,14113723.0,19.2,19.2,18.1,18.35,-1.05,389.0
6117,迎廣,2017-04-26,235910.0,4403625.0,18.6,19.05,18.45,18.6,0.25,146.0
6117,迎廣,2017-04-27,172124.0,3168816.0,18.65,18.7,18.2,18.2,-0.4,123.0
6117,迎廣,2017-04-28,365566.0,6859925.0,18.5,19.1,18.3,18.85,0.65,191.0
6117,迎廣,2017-05-02,111000.0,2055550.0,18.85,18.85,18.35,18.5,-0.35,67.0
6117,迎廣,2017-05-03,165000.0,3092150.0,18.8,18.95,18.5,18.65,0.15,72.0
6117,迎廣,2017-05-04,154180.0,2877335.0,18.9,18.95,18.4,18.4,-0.25,92.0
6117,迎廣,2017-05-05,78000.0,1432600.0,18.3,18.65,18.25,18.25,-0.15,53.0
6117,迎廣,2017-05-08,41022.0,750951.0,18.4,18.5,18.25,18.25,0.0,27.0
6117,迎廣,2017-05-09,290344.0,5049483.0,18.15,18.15,17.2,17.25,-1.0,177.0
6117,迎廣,2017-05-10,95600.0,1695200.0,17.4,18.45,17.4,17.85,0.6,56.0
6117,迎廣,2017-05-11,51000.0,906650.0,17.85,17.9,17.65,17.75,-0.1,28.0
6117,迎廣,2017-05-12,28000.0,496200.0,17.75,17.9,17.45,17.9,0.15,17.0
6117,迎廣,2017-05-15,36000.0,637850.0,17.8,17.85,17.5,17.85,-0.05,26.0
6117,迎廣,2017-05-16,31000.0,539950.0,17.6,17.75,17.2,17.75,-0.1,21.0
6117,迎廣,2017-05-17,48000.0,837000.0,17.75,17.75,17.3,17.45,-0.3,30.0
6117,迎廣,2017-05-18,44000.0,773600.0,17.6,17.85,17.5,17.7,0.25,16.0
6117,迎廣,2017-05-19,6000.0,105250.0,17.7,17.7,17.4,17.55,-0.15,6.0
6117,迎廣,2017-05-22,59001.0,1055367.0,17.8,18.3,17.65,17.85,0.3,44.0
6117,迎廣,2017-05-23,59025.0,1074950.0,17.85,18.65,17.85,18.35,0.5,50.0
6117,迎廣,2017-05-24,60000.0,1094100.0,18.45,18.45,18.1,18.25,-0.1,52.0
6117,迎廣,2017-05-25,82000.0,1500400.0,18.3,18.6,18.15,18.15,-0.1,57.0
6117,迎廣,2017-05-26,49600.0,913000.0,18.2,18.55,18.2,18.4,0.25,36.0
6117,迎廣,2017-05-31,39596.0,720648.0,18.75,18.75,18.1,18.1,-0.3,27.0
6117,迎廣,2017-06-01,81000.0,1445550.0,18.1,18.1,17.55,18.0,-0.1,47.0
6117,迎廣,2017-06-02,27000.0,490700.0,18.0,18.3,18.0,18.1,0.1,17.0
6117,迎廣,2017-06-03,58495.0,1067210.0,18.5,18.7,18.15,18.35,0.25,38.0
6117,迎廣,2017-06-05,21025.0,388402.0,18.5,18.8,18.35,18.45,0.1,21.0
6117,迎廣,2017-06-06,18336.0,334098.0,18.55,18.55,18.1,18.35,-0.1,12.0
6117,迎廣,2017-06-07,19000.0,348850.0,18.35,18.4,18.35,18.35,0.0,14.0
6117,迎廣,2017-06-08,39001.0,711467.0,18.35,18.35,18.05,18.1,-0.25,22.0
6117,迎廣,2017-06-09,17000.0,308450.0,18.4,18.4,18.0,18.1,0.0,12.0
6117,迎廣,2017-06-12,13000.0,234900.0,18.1,18.25,18.0,18.25,0.15,10.0
6117,迎廣,2017-06-13,11495.0,208560.0,18.3,18.3,18.1,18.25,0.0,11.0
6117,迎廣,2017-06-14,44000.0,780300.0,18.1,18.1,17.5,17.6,-0.65,29.0
6117,迎廣,2017-06-15,46236.0,815230.0,17.6,17.9,17.55,17.85,0.25,23.0
6117,迎廣,2017-06-16,120911.0,2216693.0,18.0,18.8,17.7,18.3,0.45,72.0
6117,迎廣,2017-06-19,41010.0,751580.0,18.5,18.5,18.2,18.4,0.1,16.0
6117,迎廣,2017-06-20,27180.0,490922.0,18.1,18.25,17.9,18.25,-0.15,16.0
6117,迎廣,2017-06-21,30912.0,554942.0,17.75,18.3,17.75,18.05,-0.2,30.0
6117,迎廣,2017-06-22,7180.0,129954.0,18.05,18.3,17.95,18.2,0.15,8.0
6117,迎廣,2017-06-23,14000.0,253850.0,18.0,18.3,17.95,18.3,0.1,8.0
6117,迎廣,2017-06-26,5000.0,91050.0,18.0,18.3,18.0,18.25,-0.05,5.0
6117,迎廣,2017-06-27,26911.0,484065.0,18.05,18.25,17.9,18.15,-0.1,15.0
6117,迎廣,2017-06-28,11304.0,202750.0,18.0,18.0,17.9,18.0,-0.15,10.0
6117,迎廣,2017-06-29,97826.0,1736022.0,17.9,18.05,17.6,17.75,-0.25,46.0
6117,迎廣,2017-06-30,24000.0,425600.0,17.9,17.9,17.7,17.9,0.15,12.0
6117,迎廣,2017-07-03,18000.0,320500.0,17.85,18.05,17.7,17.85,-0.05,10.0
6117,迎廣,2017-07-04,12180.0,216450.0,17.8,17.85,17.7,17.85,0.0,6.0
6117,迎廣,2017-07-05,16000.0,288300.0,18.4,18.4,17.8,18.0,0.15,14.0
6117,迎廣,2017-07-06,19139.0,344082.0,18.2,18.2,17.85,17.85,-0.15,18.0
6117,迎廣,2017-07-07,17000.0,304000.0,17.9,17.9,17.85,17.85,0.0,10.0
6117,迎廣,2017-07-10,2000.0,35700.0,17.85,17.85,17.85,17.85,0.0,1.0
6117,迎廣,2017-07-11,41000.0,720400.0,17.75,17.75,17.45,17.7,-0.15,23.0
6117,迎廣,2017-07-12,9000.0,158400.0,17.65,17.65,17.5,17.6,-0.1,7.0
6117,迎廣,2017-07-13,15416.0,270455.0,17.6,17.6,17.5,17.6,0.0,12.0
6117,迎廣,2017-07-14,19000.0,337450.0,17.6,17.95,17.6,17.9,0.3,15.0
6117,迎廣,2017-07-17,17001.0,302817.0,17.9,17.9,17.8,17.8,-0.1,9.0
6117,迎廣,2017-07-18,44000.0,776100.0,17.5,17.75,17.5,17.6,-0.2,13.0
6117,迎廣,2017-07-19,19091.0,336015.0,17.85,17.85,17.55,17.6,0.0,12.0
6117,迎廣,2017-07-20,43001.0,763217.0,17.8,17.9,17.65,17.8,0.2,20.0
6117,迎廣,2017-07-21,22538.0,401217.0,17.9,18.0,17.7,17.95,0.15,14.0
6117,迎廣,2017-07-24,35438.0,638758.0,17.95,18.4,17.95,17.95,0.0,21.0
6117,迎廣,2017-07-25,15000.0,268750.0,17.95,18.0,17.85,17.9,-0.05,13.0
6117,迎廣,2017-07-26,20001.0,357817.0,18.1,18.1,17.85,17.85,-0.05,11.0
6117,迎廣,2017-07-27,48248.0,855202.0,17.95,17.95,17.6,17.7,-0.15,21.0
6117,迎廣,2017-07-28,44000.0,778800.0,17.75,17.9,17.6,17.8,0.1,20.0
6117,迎廣,2017-07-31,45000.0,793500.0,17.8,17.8,17.6,17.7,-0.1,19.0
6117,迎廣,2017-08-01,36000.0,637250.0,17.7,17.75,17.65,17.7,0.0,20.0
6117,迎廣,2017-08-02,32643.0,573641.0,17.7,17.7,17.5,17.6,-0.1,19.0
6117,迎廣,2017-08-03,8000.0,140000.0,17.5,17.5,17.5,17.5,-0.1,7.0
6117,迎廣,2017-08-04,41022.0,711077.0,17.4,17.4,17.25,17.25,-0.25,22.0
6117,迎廣,2017-08-07,15000.0,259550.0,17.25,17.5,17.25,17.3,0.05,10.0
6117,迎廣,2017-08-08,63000.0,1104000.0,17.3,17.7,17.3,17.6,0.3,25.0
6117,迎廣,2017-08-09,83310.0,1498721.0,17.6,18.8,17.45,18.0,0.4,37.0
6117,迎廣,2017-08-10,33001.0,584467.0,17.85,17.95,17.5,17.5,-0.5,20.0
6117,迎廣,2017-08-11,21000.0,369250.0,17.45,18.1,17.45,17.6,0.1,14.0
6117,迎廣,2017-08-14,77260.0,1316989.0,17.55,17.55,16.8,16.8,-0.8,31.0
6117,迎廣,2017-08-15,70000.0,1178200.0,17.15,17.4,16.6,16.9,0.1,24.0
6117,迎廣,2017-08-16,19000.0,321250.0,17.2,17.2,16.8,16.9,0.0,14.0
6117,迎廣,2017-08-17,14000.0,238450.0,17.1,17.15,17.0,17.0,0.1,6.0
6117,迎廣,2017-08-18,9000.0,150700.0,16.7,16.75,16.7,16.75,-0.25,2.0
6117,迎廣,2017-08-21,21000.0,356700.0,17.0,17.3,16.9,16.9,0.15,11.0
6117,迎廣,2017-08-22,17000.0,289200.0,17.2,17.2,17.0,17.0,0.1,8.0
6117,迎廣,2017-08-23,7089.0,120904.0,17.2,17.2,17.0,17.0,0.0,5.0
6117,迎廣,2017-08-24,21180.0,363704.0,17.15,17.6,17.0,17.5,0.5,14.0
6117,迎廣,2017-08-25,54000.0,954600.0,17.6,17.95,17.5,17.75,0.25,23.0
6117,迎廣,2017-08-28,27000.0,474200.0,17.6,17.6,17.55,17.6,-0.15,13.0
6117,迎廣,2017-08-29,30000.0,496150.0,17.35,17.4,17.3,17.3,-0.3,7.0
6117,迎廣,2017-08-30,5000.0,86850.0,17.65,17.65,17.25,17.45,0.15,5.0
6117,迎廣,2017-08-31,14000.0,246850.0,17.4,17.9,17.4,17.5,0.05,14.0
6117,迎廣,2017-09-01,11000.0,192700.0,17.8,17.8,17.4,17.5,0.0,8.0
6117,迎廣,2017-09-04,10800.0,188020.0,17.5,17.5,17.4,17.4,-0.1,8.0
6117,迎廣,2017-09-05,22000.0,387500.0,17.35,17.85,17.35,17.75,0.35,16.0
6117,迎廣,2017-09-06,3000.0,52350.0,17.55,17.55,17.4,17.4,-0.35,3.0
6117,迎廣,2017-09-07,12000.0,208550.0,17.4,17.6,17.3,17.45,0.05,6.0
6117,迎廣,2017-09-08,41911.0,729514.0,17.15,18.0,17.0,17.5,0.05,29.0
6117,迎廣,2017-09-11,14000.0,245450.0,17.9,17.9,17.35,17.35,-0.15,6.0
6117,迎廣,2017-09-12,5000.0,86450.0,17.35,17.35,17.2,17.35,0.0,5.0
6117,迎廣,2017-09-13,12540.0,216403.0,17.45,17.45,17.25,17.25,-0.1,5.0
6117,迎廣,2017-09-14,8000.0,138050.0,17.25,17.35,17.2,17.2,-0.05,5.0
6117,迎廣,2017-09-15,7000.0,120150.0,17.35,17.35,17.1,17.2,0.0,6.0
6117,迎廣,2017-09-18,3000.0,51900.0,17.35,17.35,17.25,17.3,0.1,3.0
6117,迎廣,2017-09-19,2000.0,34200.0,17.1,17.1,17.1,17.1,-0.2,2.0
6117,迎廣,2017-09-20,8180.0,141846.0,17.1,17.5,17.1,17.5,0.4,8.0
6117,迎廣,2017-09-21,82001.0,1445517.0,17.6,17.9,17.35,17.9,0.4,47.0
6117,迎廣,2017-09-22,25000.0,448950.0,18.4,18.5,17.6,17.6,-0.3,16.0
6117,迎廣,2017-09-25,20000.0,354650.0,18.0,18.0,17.0,17.65,0.05,9.0
6117,迎廣,2017-09-26,21000.0,366800.0,17.5,17.7,17.3,17.3,-0.35,8.0
6117,迎廣,2017-09-27,28375.0,499456.0,17.6,17.8,17.5,17.7,0.4,17.0
6117,迎廣,2017-09-28,16000.0,282400.0,17.7,17.85,17.5,17.75,0.05,8.0
6117,迎廣,2017-09-29,10000.0,175500.0,17.6,17.6,17.5,17.5,-0.25,5.0
6117,迎廣,2017-09-30,9900.0,175910.0,17.85,17.85,17.8,17.8,0.3,9.0
6117,迎廣,2017-10-02,42000.0,738450.0,17.6,17.75,17.5,17.75,-0.05,14.0
6117,迎廣,2017-10-03,28360.0,499296.0,17.6,17.7,17.6,17.65,-0.1,13.0
6117,迎廣,2017-10-05,16000.0,283200.0,17.55,17.85,17.55,17.8,0.15,11.0
6117,迎廣,2017-10-06,26180.0,463359.0,17.8,17.9,17.5,17.9,0.1,12.0
6117,迎廣,2017-10-11,37000.0,658500.0,17.9,17.9,17.7,17.7,-0.2,19.0
6117,迎廣,2017-10-12,24000.0,426000.0,17.7,17.8,17.7,17.75,0.05,9.0
6117,迎廣,2017-10-13,23000.0,406750.0,17.7,17.7,17.65,17.65,-0.1,10.0
6117,迎廣,2017-10-16,22000.0,388300.0,17.65,17.65,17.65,17.65,0.0,9.0
6117,迎廣,2017-10-17,13495.0,238288.0,17.7,17.7,17.65,17.65,0.0,6.0
6117,迎廣,2017-10-18,2000.0,35750.0,17.9,17.9,17.85,17.85,0.2,2.0
6117,迎廣,2017-10-19,58300.0,1047120.0,17.8,18.2,17.8,18.0,0.15,18.0
6117,迎廣,2017-10-20,31001.0,550067.0,18.2,18.2,17.65,17.65,-0.35,11.0
6117,迎廣,2017-10-23,17660.0,315083.0,17.7,17.95,17.7,17.85,0.2,16.0
6117,迎廣,2017-10-24,49000.0,886750.0,17.8,18.2,17.8,18.2,0.35,27.0
6117,迎廣,2017-10-25,29000.0,523500.0,18.2,18.2,17.9,18.1,-0.1,14.0
6117,迎廣,2017-10-26,3000.0,54300.0,18.1,18.1,18.1,18.1,0.0,3.0
6117,迎廣,2017-10-27,51000.0,920200.0,18.1,18.1,17.9,18.0,-0.1,16.0
6117,迎廣,2017-10-30,15180.0,273395.0,18.0,18.1,18.0,18.1,0.1,11.0
6117,迎廣,2017-10-31,21000.0,379550.0,18.3,18.3,18.0,18.2,0.1,11.0
6117,迎廣,2017-11-01,74000.0,1337350.0,18.1,18.5,17.85,18.25,0.05,27.0
6117,迎廣,2017-11-02,14178.0,256558.0,18.1,18.1,18.1,18.1,-0.15,8.0
6117,迎廣,2017-11-03,40000.0,729250.0,18.2,18.45,18.05,18.2,0.1,22.0
6117,迎廣,2017-11-06,8654.0,157641.0,18.3,18.3,18.2,18.2,0.0,8.0
6117,迎廣,2017-11-07,3000.0,54450.0,18.15,18.15,18.15,18.15,-0.05,2.0
6117,迎廣,2017-11-08,50000.0,908000.0,18.1,18.3,18.05,18.3,0.15,25.0
6117,迎廣,2017-11-09,212002.0,3986486.0,18.35,19.1,18.35,18.9,0.6,121.0
6117,迎廣,2017-11-10,146177.0,2841401.0,18.9,19.8,18.9,19.0,0.1,78.0
6117,迎廣,2017-11-13,55180.0,1041666.0,19.0,19.2,18.6,19.1,0.1,26.0
6117,迎廣,2017-11-14,43000.0,807250.0,18.6,19.25,18.55,18.55,-0.55,27.0
6117,迎廣,2017-11-15,33000.0,613150.0,18.5,18.9,18.2,18.85,0.3,18.0
6117,迎廣,2017-11-16,46000.0,863100.0,18.85,18.85,18.6,18.85,0.0,12.0
6117,迎廣,2017-11-17,84017.0,1573019.0,18.6,19.25,18.5,19.1,0.25,31.0
6117,迎廣,2017-11-20,55285.0,1058457.0,18.95,19.25,18.85,19.2,0.1,32.0
6117,迎廣,2017-11-21,65731.0,1259942.0,18.95,19.25,18.95,19.05,-0.15,30.0
6117,迎廣,2017-11-22,101000.0,1901400.0,18.95,19.2,18.25,18.35,-0.7,46.0
6117,迎廣,2017-11-23,70720.0,1332990.0,18.6,18.95,18.6,18.6,0.25,18.0
6117,迎廣,2017-11-24,22000.0,407250.0,18.55,18.6,18.45,18.6,0.0,12.0
6117,迎廣,2017-11-27,82000.0,1533450.0,18.7,18.8,18.55,18.8,0.2,33.0
6117,迎廣,2017-11-28,124000.0,2388900.0,19.6,19.6,19.1,19.1,0.3,35.0
6117,迎廣,2017-11-29,340560.0,6416193.0,19.25,19.5,18.15,18.65,-0.45,120.0
6117,迎廣,2017-11-30,55089.0,1030309.0,18.85,18.95,18.35,18.65,0.0,22.0
6117,迎廣,2017-12-01,19000.0,350300.0,18.8,18.8,18.25,18.45,-0.2,13.0
6117,迎廣,2017-12-04,4000.0,74850.0,18.75,18.75,18.6,18.6,0.15,2.0
6117,迎廣,2017-12-05,50000.0,920250.0,18.65,18.65,18.1,18.6,0.0,28.0
6117,迎廣,2017-12-06,70000.0,1275300.0,18.15,18.5,18.1,18.3,-0.3,27.0
6117,迎廣,2017-12-07,12000.0,223050.0,19.1,19.1,18.2,18.35,0.05,7.0
6117,迎廣,2017-12-08,11360.0,203340.0,17.8,18.2,17.4,18.1,-0.25,8.0
6117,迎廣,2017-12-11,2000.0,35850.0,17.7,18.15,17.7,18.15,0.05,2.0
6117,迎廣,2017-12-12,10000.0,178850.0,18.15,18.25,17.5,18.2,0.05,8.0
6117,迎廣,2017-12-13,47400.0,856970.0,18.2,18.5,17.9,18.2,0.0,22.0
6117,迎廣,2017-12-14,10000.0,179350.0,18.0,18.25,17.85,18.25,0.05,7.0
6117,迎廣,2017-12-15,32000.0,578100.0,17.95,18.2,17.6,18.2,-0.05,12.0
6117,迎廣,2017-12-18,57001.0,1012717.0,17.9,18.1,17.6,17.6,-0.6,26.0
6117,迎廣,2017-12-19,64000.0,1130450.0,17.75,18.0,17.4,17.8,0.2,31.0
6117,迎廣,2017-12-20,13000.0,231150.0,17.75,17.8,17.7,17.8,0.0,6.0
6117,迎廣,2017-12-21,10000.0,178200.0,17.7,17.9,17.7,17.9,0.1,7.0
6117,迎廣,2017-12-22,70000.0,1254100.0,18.0,18.2,17.65,18.2,0.3,24.0
6117,迎廣,2017-12-25,20000.0,360800.0,18.05,18.05,18.0,18.05,-0.15,7.0
6117,迎廣,2017-12-26,11000.0,199600.0,18.3,18.3,17.95,17.95,-0.1,5.0
6117,迎廣,2017-12-27,88001.0,1591517.0,18.2,18.25,18.0,18.1,0.15,62.0
6117,迎廣,2017-12-28,3000.0,53900.0,18.0,18.0,17.9,17.9,-0.2,3.0
6117,迎廣,2017-12-29,40000.0,719150.0,18.0,18.05,17.5,18.05,0.15,9.0
6117,迎廣,2018-01-02,15500.0,277624.0,18.05,18.2,17.8,18.0,-0.05,14.0
6117,迎廣,2018-01-03,31500.0,571725.0,18.0,18.45,18.0,18.45,0.45,17.0
6117,迎廣,2018-01-04,49220.0,895571.0,17.8,18.45,17.8,18.25,-0.2,27.0
6117,迎廣,2018-01-05,47180.0,869512.0,18.2,18.6,18.2,18.6,0.35,28.0
6117,迎廣,2018-01-08,69000.0,1281300.0,18.6,18.75,18.45,18.5,-0.1,23.0
6117,迎廣,2018-01-09,12417.0,228868.0,18.5,18.5,18.35,18.5,0.0,12.0
6117,迎廣,2018-01-10,3000.0,55000.0,18.3,18.35,18.3,18.35,-0.15,3.0
6117,迎廣,2018-01-11,32000.0,587300.0,18.5,18.5,18.2,18.5,0.15,14.0
6117,迎廣,2018-01-12,138001.0,2645318.0,19.7,19.7,18.7,19.0,0.5,58.0
6117,迎廣,2018-01-15,19002.0,358287.0,19.35,19.35,18.65,18.7,-0.3,13.0
6117,迎廣,2018-01-16,19000.0,354700.0,18.7,18.8,18.5,18.8,0.1,10.0
6117,迎廣,2018-01-17,32240.0,609363.0,18.8,19.2,18.65,19.0,0.2,28.0
6117,迎廣,2018-01-18,25000.0,467600.0,18.8,18.8,18.45,18.45,-0.55,12.0
6117,迎廣,2018-01-19,30000.0,553600.0,18.45,18.55,18.35,18.5,0.05,22.0
6117,迎廣,2018-01-22,13009.0,240063.0,18.5,18.5,18.4,18.45,-0.05,9.0
6117,迎廣,2018-01-23,14900.0,274885.0,18.3,18.6,18.3,18.45,0.0,12.0
6117,迎廣,2018-01-24,6200.0,114759.0,18.45,18.65,18.45,18.65,0.2,8.0
6117,迎廣,2018-01-25,3000.0,54900.0,18.3,18.3,18.3,18.3,-0.35,3.0
6117,迎廣,2018-01-26,14000.0,256200.0,18.3,18.3,18.3,18.3,0.0,5.0
6117,迎廣,2018-01-29,12200.0,221870.0,18.1,18.45,18.1,18.45,0.15,7.0
6117,迎廣,2018-01-30,29000.0,528000.0,18.2,18.25,18.15,18.15,-0.3,14.0
6117,迎廣,2018-01-31,43499.0,794781.0,17.95,18.65,17.95,18.45,0.3,26.0
6117,迎廣,2018-02-01,18000.0,333150.0,18.4,18.6,18.4,18.45,0.0,11.0
6117,迎廣,2018-02-02,26000.0,482500.0,18.5,18.6,18.45,18.45,0.0,11.0
6117,迎廣,2018-02-05,6000.0,112650.0,19.1,19.1,18.35,18.35,-0.1,5.0
6117,迎廣,2018-02-06,40000.0,711700.0,18.7,18.7,17.15,18.35,0.0,25.0
6117,迎廣,2018-02-07,24000.0,431550.0,18.7,18.7,17.9,18.0,-0.35,16.0
6117,迎廣,2018-02-08,20000.0,358750.0,18.0,18.2,17.8,18.2,0.2,11.0
6117,迎廣,2018-02-09,1000.0,18000.0,18.0,18.0,18.0,18.0,-0.2,1.0
6117,迎廣,2018-02-12,22000.0,397600.0,18.05,18.35,18.0,18.0,0.0,12.0
6117,迎廣,2018-02-21,1000.0,18400.0,18.4,18.4,18.4,18.4,0.4,1.0
6117,迎廣,2018-02-22,2000.0,36950.0,18.4,18.55,18.4,18.55,0.15,2.0
6117,迎廣,2018-02-23,35353.0,657262.0,18.3,18.8,18.15,18.8,0.25,23.0
6117,迎廣,2018-02-26,25007.0,466427.0,18.8,18.9,18.5,18.5,-0.3,10.0
6117,迎廣,2018-02-27,43000.0,804750.0,18.55,19.1,18.55,18.7,0.2,17.0
6117,迎廣,2018-03-01,155141.0,2978236.0,18.55,19.5,18.55,19.35,0.65,88.0
6117,迎廣,2018-03-02,39000.0,741650.0,19.35,19.35,18.75,19.0,-0.35,20.0
6117,迎廣,2018-03-05,107000.0,2057200.0,19.35,19.45,19.0,19.3,0.3,58.0
6117,迎廣,2018-03-06,757727.0,15780261.0,19.3,21.2,19.25,21.2,1.9,264.0
6117,迎廣,2018-03-07,2293321.0,50696411.0,21.5,23.0,20.15,20.7,-0.5,1133.0
6117,迎廣,2018-03-08,596577.0,12611895.0,20.75,21.5,20.75,21.15,0.45,264.0
6117,迎廣,2018-03-09,259733.0,5438909.0,20.8,21.5,20.5,21.1,-0.05,112.0
6117,迎廣,2018-03-12,227472.0,4608560.0,20.9,20.9,19.9,20.5,-0.6,147.0
6117,迎廣,2018-03-13,194360.0,3913480.0,20.15,20.75,19.5,20.7,0.2,126.0
6117,迎廣,2018-03-14,150000.0,3099850.0,20.8,20.9,20.2,20.7,0.0,85.0
6117,迎廣,2018-03-15,117000.0,2451350.0,21.35,21.35,20.45,21.0,0.3,49.0
6117,迎廣,2018-03-16,102011.0,2144328.0,21.4,21.4,20.75,21.0,0.0,61.0
6117,迎廣,2018-03-19,432120.0,9436654.0,21.0,22.5,21.0,21.8,0.8,240.0
6117,迎廣,2018-03-20,179382.0,3942101.0,22.35,22.35,21.7,21.7,-0.1,118.0
6117,迎廣,2018-03-21,140000.0,2983050.0,22.0,22.0,21.0,21.0,-0.7,104.0
6117,迎廣,2018-03-22,89000.0,1833900.0,20.7,21.05,20.2,20.25,-0.75,64.0
6117,迎廣,2018-03-23,128615.0,2520418.0,19.5,19.95,19.35,19.6,-0.65,101.0
6117,迎廣,2018-03-26,132452.0,2665530.0,19.6,20.6,19.6,20.35,0.75,71.0
6117,迎廣,2018-03-27,108000.0,2192650.0,20.35,20.7,20.1,20.4,0.05,59.0
6117,迎廣,2018-03-28,40743.0,823097.0,20.3,20.4,20.05,20.2,-0.2,24.0
6117,迎廣,2018-03-29,145000.0,3021850.0,20.05,21.4,20.05,20.7,0.5,91.0
6117,迎廣,2018-03-30,58000.0,1200050.0,20.45,20.85,20.45,20.85,0.15,51.0
6117,迎廣,2018-03-31,991200.0,18914910.0,19.8,20.0,18.8,18.8,-2.05,501.0
6117,迎廣,2018-04-02,356000.0,6533100.0,19.0,19.05,17.6,18.25,-0.55,236.0
6117,迎廣,2018-04-03,138001.0,2468118.0,18.2,18.2,17.7,18.1,-0.15,76.0
6117,迎廣,2018-04-09,110000.0,1983850.0,18.1,18.2,17.8,17.8,-0.3,63.0
6117,迎廣,2018-04-10,356178.0,6676339.0,18.0,19.45,18.0,18.9,1.1,204.0
6117,迎廣,2018-04-11,90540.0,1699854.0,19.2,19.2,18.45,18.55,-0.35,64.0
6117,迎廣,2018-04-12,111000.0,2011050.0,18.5,18.7,18.0,18.0,-0.55,64.0
6117,迎廣,2018-04-13,93300.0,1688755.0,18.45,18.45,17.8,17.8,-0.2,50.0
6117,迎廣,2018-04-16,30001.0,536817.0,17.85,18.0,17.8,17.85,0.05,24.0
6117,迎廣,2018-04-17,85000.0,1478650.0,17.85,17.85,17.1,17.4,-0.45,40.0
6117,迎廣,2018-04-18,22000.0,388400.0,17.4,17.7,17.4,17.6,0.2,16.0
6117,迎廣,2018-04-19,23000.0,405300.0,17.6,17.7,17.6,17.6,0.0,18.0
6117,迎廣,2018-04-20,16000.0,283150.0,17.6,17.8,17.6,17.65,0.05,15.0
6117,迎廣,2018-04-23,29000.0,508150.0,17.6,17.65,17.4,17.5,-0.15,18.0
6117,迎廣,2018-04-24,46000.0,776350.0,17.4,17.4,16.55,16.8,-0.7,31.0
6117,迎廣,2018-04-25,265000.0,4312650.0,16.65,16.85,16.1,16.35,-0.45,104.0
6117,迎廣,2018-04-26,86000.0,1388550.0,16.35,16.35,16.05,16.05,-0.3,35.0
6117,迎廣,2018-04-27,33487.0,545916.0,16.35,16.4,16.2,16.3,0.25,16.0
6117,迎廣,2018-04-30,6000.0,97850.0,16.35,16.35,16.3,16.3,0.0,6.0
6117,迎廣,2018-05-02,24469.0,402227.0,16.7,16.7,16.2,16.35,0.05,17.0
6117,迎廣,2018-05-03,14000.0,227700.0,16.35,16.35,16.15,16.15,-0.2,11.0
6117,迎廣,2018-05-04,52100.0,871905.0,16.75,16.85,16.6,16.8,0.65,33.0
6117,迎廣,2018-05-07,28823.0,486820.0,16.8,17.25,16.8,16.8,0.0,19.0
6117,迎廣,2018-05-08,31000.0,529000.0,16.8,17.2,16.8,17.2,0.4,24.0
6117,迎廣,2018-05-09,84000.0,1485550.0,17.5,18.2,17.5,17.6,0.4,54.0
6117,迎廣,2018-05-10,35200.0,618680.0,18.0,18.0,17.4,17.4,-0.2,26.0
6117,迎廣,2018-05-11,15080.0,260622.0,17.35,17.4,17.2,17.4,0.0,13.0
6117,迎廣,2018-05-14,26001.0,441466.0,17.15,17.15,16.85,17.0,-0.4,23.0
6117,迎廣,2018-05-15,45000.0,743450.0,17.0,17.0,16.4,16.4,-0.6,32.0
6117,迎廣,2018-05-16,54100.0,873305.0,16.1,16.3,16.1,16.15,-0.25,35.0
6117,迎廣,2018-05-17,17000.0,274650.0,16.1,16.3,16.1,16.3,0.15,14.0
6117,迎廣,2018-05-18,29000.0,468400.0,16.2,16.25,16.1,16.1,-0.2,16.0
6117,迎廣,2018-05-21,10000.0,160950.0,16.1,16.1,16.05,16.1,0.0,6.0
6117,迎廣,2018-05-22,29000.0,469000.0,16.35,16.35,16.1,16.15,0.05,16.0
6117,迎廣,2018-05-23,23000.0,372350.0,16.3,16.3,16.15,16.25,0.1,7.0
6117,迎廣,2018-05-24,19000.0,305750.0,16.25,16.25,16.05,16.1,-0.15,11.0
6117,迎廣,2018-05-25,23002.0,372932.0,16.05,16.3,16.05,16.25,0.15,17.0
6117,迎廣,2018-05-28,9002.0,146032.0,16.25,16.25,16.2,16.2,-0.05,9.0
6117,迎廣,2018-05-29,35360.0,568410.0,16.25,16.25,16.0,16.15,-0.05,22.0
6117,迎廣,2018-05-30,14002.0,229132.0,16.35,16.4,16.35,16.4,0.25,14.0
6117,迎廣,2018-05-31,14200.0,235460.0,16.4,16.65,16.4,16.65,0.25,13.0
6117,迎廣,2018-06-01,5000.0,82850.0,16.45,16.65,16.45,16.65,0.0,4.0
6117,迎廣,2018-06-04,21200.0,351850.0,16.6,16.65,16.5,16.6,-0.05,12.0
6117,迎廣,2018-06-05,17397.0,288461.0,16.85,16.85,16.45,16.45,-0.15,12.0
6117,迎廣,2018-06-06,32591.0,532742.0,16.5,16.5,16.3,16.4,-0.05,24.0
6117,迎廣,2018-06-07,9000.0,149450.0,16.45,16.7,16.45,16.65,0.25,7.0
6117,迎廣,2018-06-08,14000.0,231400.0,16.55,16.65,16.5,16.55,-0.1,11.0
6117,迎廣,2018-06-11,30360.0,505536.0,16.45,16.8,16.45,16.65,0.1,13.0
6117,迎廣,2018-06-12,14360.0,238618.0,16.65,16.65,16.6,16.6,-0.05,8.0
6117,迎廣,2018-06-13,18911.0,313144.0,16.6,16.6,16.55,16.55,-0.05,10.0
6117,迎廣,2018-06-14,4314.0,71342.0,16.5,16.55,16.5,16.55,0.0,7.0
6117,迎廣,2018-06-15,15000.0,243450.0,16.9,16.9,16.05,16.05,-0.5,9.0
6117,迎廣,2018-06-19,11000.0,177100.0,16.1,16.4,16.05,16.4,0.35,7.0
6117,迎廣,2018-06-20,12000.0,194800.0,16.35,16.35,16.1,16.1,-0.3,11.0
6117,迎廣,2018-06-21,22000.0,355550.0,16.4,16.4,16.15,16.15,0.05,11.0
6117,迎廣,2018-06-22,11069.0,178743.0,16.15,16.15,16.15,16.15,0.0,4.0
6117,迎廣,2018-06-25,12000.0,195250.0,16.2,16.35,16.2,16.35,0.2,4.0
6117,迎廣,2018-06-26,17000.0,279150.0,16.35,16.5,16.35,16.5,0.15,12.0
6117,迎廣,2018-06-27,3000.0,49350.0,16.45,16.45,16.45,16.45,-0.05,2.0
6117,迎廣,2018-06-28,15448.0,259592.0,16.45,16.9,16.45,16.85,0.4,16.0
6117,迎廣,2018-06-29,3005.0,49982.0,16.65,16.65,16.6,16.6,-0.25,4.0
6117,迎廣,2018-07-02,16000.0,260200.0,16.25,16.3,16.2,16.3,-0.3,6.0
6117,迎廣,2018-07-03,41000.0,657750.0,16.1,16.1,16.0,16.0,-0.3,16.0
6117,迎廣,2018-07-04,30012.0,477187.0,16.3,16.3,15.8,15.8,-0.2,17.0
6117,迎廣,2018-07-05,18000.0,286050.0,16.3,16.3,15.8,16.25,0.45,6.0
6117,迎廣,2018-07-06,15001.0,239915.0,16.0,16.25,15.8,15.8,-0.45,9.0
6117,迎廣,2018-07-09,4011.0,64774.0,15.9,16.25,15.9,16.25,0.45,6.0
6117,迎廣,2018-07-10,20000.0,324700.0,16.5,16.5,16.0,16.5,0.25,13.0
6117,迎廣,2018-07-11,5000.0,82500.0,16.55,16.65,16.15,16.5,0.0,5.0
6117,迎廣,2018-07-12,41000.0,664300.0,16.3,16.3,16.1,16.1,-0.4,19.0
6117,迎廣,2018-07-13,25000.0,403650.0,16.15,16.25,16.1,16.25,0.15,24.0
6117,迎廣,2018-07-16,23100.0,374519.0,16.3,16.3,16.15,16.2,-0.05,17.0
6117,迎廣,2018-07-17,40000.0,644400.0,16.2,16.25,16.0,16.05,-0.15,23.0
6117,迎廣,2018-07-18,63089.0,1015050.0,16.35,16.35,15.95,16.3,0.25,41.0
6117,迎廣,2018-07-19,70143.0,1134779.0,16.3,16.3,16.05,16.3,0.0,55.0
6117,迎廣,2018-07-20,28218.0,456220.0,16.15,16.2,16.15,16.15,-0.15,14.0
6117,迎廣,2018-07-23,68160.0,1098925.0,16.1,16.35,16.05,16.1,-0.05,18.0
6117,迎廣,2018-07-24,87085.0,1404976.0,16.15,16.2,16.1,16.2,0.1,48.0
6117,迎廣,2018-07-25,19201.0,287794.0,15.1,15.1,14.8,14.8,0.0,19.0
6117,迎廣,2018-07-26,19000.0,281550.0,14.75,15.2,14.75,15.2,0.4,9.0
6117,迎廣,2018-07-27,7280.0,110220.0,15.2,15.2,15.1,15.1,-0.1,8.0
6117,迎廣,2018-07-30,21009.0,311880.0,14.85,15.0,14.7,14.7,-0.4,15.0
6117,迎廣,2018-07-31,4009.0,59131.0,14.75,14.75,14.75,14.75,0.05,4.0
6117,迎廣,2018-08-01,13330.0,196617.0,14.75,14.8,14.7,14.75,0.0,10.0
6117,迎廣,2018-08-02,26000.0,385300.0,14.8,15.0,14.7,15.0,0.25,13.0
6117,迎廣,2018-08-03,11000.0,163150.0,14.75,15.05,14.75,15.05,0.05,7.0
6117,迎廣,2018-08-06,10000.0,150500.0,15.05,15.1,15.0,15.05,0.0,6.0
6117,迎廣,2018-08-07,8731.0,130595.0,14.9,15.05,14.9,15.0,-0.05,6.0
6117,迎廣,2018-08-08,31000.0,461550.0,15.0,15.0,14.75,14.75,-0.25,13.0
6117,迎廣,2018-08-09,21360.0,314438.0,14.7,14.75,14.7,14.7,-0.05,13.0
6117,迎廣,2018-08-10,29318.0,434108.0,14.9,14.9,14.8,14.85,0.15,17.0
6117,迎廣,2018-08-13,69100.0,988540.0,14.85,14.9,14.0,14.0,-0.85,37.0
6117,迎廣,2018-08-14,40180.0,563842.0,14.15,14.15,13.95,14.1,0.1,25.0
6117,迎廣,2018-08-15,28020.0,393028.0,14.1,14.1,14.0,14.0,-0.1,14.0
6117,迎廣,2018-08-16,9000.0,126300.0,14.0,14.1,14.0,14.1,0.1,7.0
6117,迎廣,2018-08-17,5000.0,71900.0,14.45,14.45,14.25,14.4,0.3,5.0
6117,迎廣,2018-08-20,15135.0,217980.0,14.4,14.45,14.35,14.4,0.0,17.0
6117,迎廣,2018-08-21,4000.0,58700.0,14.65,14.7,14.65,14.7,0.3,4.0
6117,迎廣,2018-08-22,18000.0,254850.0,14.4,14.4,14.1,14.1,-0.6,11.0
6117,迎廣,2018-08-23,44000.0,613200.0,14.1,14.1,13.8,13.9,-0.2,25.0
6117,迎廣,2018-08-24,43300.0,588170.0,13.9,13.9,13.5,13.5,-0.4,23.0
6117,迎廣,2018-08-27,22000.0,301450.0,13.6,13.8,13.5,13.7,0.2,17.0
6117,迎廣,2018-08-28,18000.0,246550.0,13.7,13.7,13.65,13.65,-0.05,8.0
6117,迎廣,2018-08-29,8000.0,109750.0,13.65,13.85,13.65,13.8,0.15,5.0
6117,迎廣,2018-08-30,0.0,0.0,0.0,0.0,0.0,0.0,0.0,0.0
6117,迎廣,2018-08-31,10000.0,138600.0,13.85,13.9,13.85,13.85,0.0,7.0
6117,迎廣,2018-09-03,32000.0,430050.0,13.65,13.9,13.4,13.4,-0.45,17.0
6117,迎廣,2018-09-04,9000.0,120850.0,13.45,13.6,13.4,13.6,0.2,6.0
6117,迎廣,2018-09-05,12000.0,161100.0,13.4,13.55,13.4,13.45,-0.15,8.0
6117,迎廣,2018-09-06,10000.0,134350.0,13.45,13.45,13.4,13.4,-0.05,4.0
6117,迎廣,2018-09-07,9118.0,121401.0,13.4,13.4,13.25,13.25,-0.15,8.0
6117,迎廣,2018-09-10,21000.0,275450.0,13.2,13.4,13.0,13.05,-0.2,14.0
6117,迎廣,2018-09-11,14000.0,185000.0,13.25,13.3,13.1,13.1,0.05,6.0
6117,迎廣,2018-09-12,8001.0,104312.0,13.1,13.1,13.0,13.0,-0.1,8.0
6117,迎廣,2018-09-13,19001.0,251463.0,13.0,13.75,13.0,13.55,0.55,18.0
6117,迎廣,2018-09-14,11540.0,154266.0,13.6,13.7,13.15,13.15,-0.4,10.0
6117,迎廣,2018-09-17,10000.0,131050.0,13.2,13.2,13.05,13.05,-0.1,10.0
6117,迎廣,2018-09-18,13001.0,169112.0,13.05,13.05,13.0,13.0,-0.05,11.0
6117,迎廣,2018-09-19,31000.0,405400.0,13.0,13.5,13.0,13.05,0.05,24.0
6117,迎廣,2018-09-20,22100.0,282445.0,13.05,13.05,12.55,12.55,-0.5,18.0
6117,迎廣,2018-09-21,47248.0,609512.0,12.75,13.4,12.55,12.55,0.0,43.0
6117,迎廣,2018-09-25,14014.0,179126.0,12.55,12.95,12.55,12.85,0.3,15.0
6117,迎廣,2018-09-26,5000.0,64100.0,12.9,12.9,12.8,12.8,-0.05,4.0
6117,迎廣,2018-09-27,17000.0,226350.0,13.3,13.5,13.2,13.2,0.4,14.0
6117,迎廣,2018-09-28,6100.0,80095.0,13.15,13.15,13.05,13.05,-0.15,3.0
6117,迎廣,2018-10-01,2231.0,29053.0,13.05,13.05,13.0,13.0,-0.05,3.0
6117,迎廣,2018-10-02,4000.0,52000.0,12.95,13.05,12.95,13.05,0.05,2.0
6117,迎廣,2018-10-03,13000.0,168300.0,12.95,13.0,12.9,12.9,-0.15,4.0
6117,迎廣,2018-10-04,45289.0,578549.0,12.75,12.85,12.7,12.7,-0.2,21.0
6117,迎廣,2018-10-05,48000.0,604100.0,12.45,12.65,12.45,12.65,-0.05,17.0
6117,迎廣,2018-10-08,36000.0,453700.0,12.7,12.7,12.4,12.65,0.0,9.0
6117,迎廣,2018-10-09,47000.0,583400.0,12.6,12.6,12.15,12.5,-0.15,22.0
6117,迎廣,2018-10-11,171000.0,1938650.0,11.8,11.85,11.25,11.8,-0.7,54.0
6117,迎廣,2018-10-12,103000.0,1166800.0,11.2,11.5,11.2,11.35,-0.45,34.0
6117,迎廣,2018-10-15,53000.0,610500.0,11.2,11.8,11.15,11.5,0.15,19.0
6117,迎廣,2018-10-16,48000.0,552600.0,11.5,11.6,11.35,11.5,0.0,12.0
6117,迎廣,2018-10-17,38000.0,440650.0,11.5,11.7,11.45,11.6,0.1,11.0
6117,迎廣,2018-10-18,32000.0,367600.0,11.6,11.6,11.2,11.6,0.0,12.0
6117,迎廣,2018-10-19,71000.0,802350.0,11.2,11.6,11.15,11.35,-0.25,27.0
6117,迎廣,2018-10-22,5000.0,57250.0,11.4,11.55,11.4,11.55,0.2,3.0
6117,迎廣,2018-10-23,38000.0,428950.0,11.55,11.55,11.15,11.5,-0.05,13.0
6117,迎廣,2018-10-24,9000.0,102950.0,11.4,11.5,11.4,11.4,-0.1,4.0
6117,迎廣,2018-10-25,33000.0,363250.0,11.05,11.3,10.95,10.95,-0.45,20.0
6117,迎廣,2018-10-26,31000.0,341700.0,10.65,11.15,10.65,11.0,0.05,16.0
6117,迎廣,2018-10-29,27000.0,291600.0,11.0,11.0,10.45,10.45,-0.55,18.0
6117,迎廣,2018-10-30,39000.0,414250.0,10.5,11.35,10.4,10.5,0.05,31.0
6117,迎廣,2018-10-31,21000.0,218750.0,10.6,10.6,10.3,10.5,0.0,8.0
6117,迎廣,2018-11-01,29720.0,313446.0,10.45,10.8,10.45,10.7,0.2,17.0
6117,迎廣,2018-11-02,19282.0,203846.0,10.75,10.75,10.45,10.55,-0.15,11.0
6117,迎廣,2018-11-05,13001.0,141710.0,10.8,11.0,10.8,10.95,0.4,11.0
6117,迎廣,2018-11-06,23171.0,256946.0,10.95,11.3,10.9,10.9,-0.05,17.0
6117,迎廣,2018-11-07,13300.0,147115.0,10.85,11.15,10.85,11.15,0.25,10.0
6117,迎廣,2018-11-08,19000.0,212600.0,11.3,11.3,11.15,11.15,0.0,10.0
6117,迎廣,2018-11-09,11046.0,124869.0,11.2,11.4,11.15,11.4,0.25,11.0
6117,迎廣,2018-11-12,26000.0,306800.0,11.4,12.0,11.4,11.85,0.45,20.0
6117,迎廣,2018-11-13,14000.0,165700.0,11.9,11.9,11.7,11.7,-0.15,9.0
6117,迎廣,2018-11-14,0.0,0.0,0.0,0.0,0.0,0.0,0.0,0.0
6117,迎廣,2018-11-15,9000.0,105150.0,11.7,11.75,11.55,11.7,0.0,7.0
6117,迎廣,2018-11-16,7000.0,80150.0,11.45,11.7,11.4,11.7,0.0,5.0
6117,迎廣,2018-11-19,0.0,0.0,0.0,0.0,0.0,0.0,0.0,0.0
6117,迎廣,2018-11-20,9000.0,105500.0,11.65,11.85,11.6,11.8,0.0,7.0
6117,迎廣,2018-11-21,11000.0,129400.0,11.8,11.9,11.65,11.65,-0.15,8.0
6117,迎廣,2018-11-22,15000.0,176700.0,11.75,11.9,11.5,11.5,-0.15,10.0
6117,迎廣,2018-11-23,3911.0,46308.0,11.9,11.9,11.85,11.9,0.4,4.0
6117,迎廣,2018-11-26,14000.0,166500.0,11.9,11.9,11.8,11.9,0.0,12.0
6117,迎廣,2018-11-27,9000.0,107600.0,12.0,12.0,11.8,12.0,0.1,6.0
6117,迎廣,2018-11-28,22032.0,265687.0,12.05,12.1,12.05,12.05,0.05,12.0
6117,迎廣,2018-11-29,14500.0,178374.0,12.3,12.45,12.15,12.15,0.1,13.0
6117,迎廣,2018-11-30,9000.0,111450.0,12.45,12.45,12.25,12.4,0.25,7.0
6117,迎廣,2018-12-03,11000.0,139350.0,12.45,12.8,12.45,12.7,0.3,8.0
6117,迎廣,2018-12-04,8000.0,100050.0,12.45,12.6,12.45,12.6,-0.1,7.0
6117,迎廣,2018-12-05,4000.0,50100.0,12.75,12.75,12.3,12.3,-0.3,4.0
6117,迎廣,2018-12-06,17758.0,217208.0,12.6,12.6,12.1,12.1,-0.2,15.0
6117,迎廣,2018-12-07,7000.0,87450.0,12.6,12.6,12.4,12.4,0.3,6.0
6117,迎廣,2018-12-10,6000.0,74500.0,12.4,12.5,12.4,12.4,0.0,5.0
6117,迎廣,2018-12-11,3000.0,37350.0,12.4,12.5,12.4,12.5,0.1,3.0
6117,迎廣,2018-12-12,1077.0,13616.0,12.65,12.65,12.65,12.65,0.15,2.0
6117,迎廣,2018-12-13,4000.0,49850.0,12.65,12.65,12.4,12.4,-0.25,2.0
6117,迎廣,2018-12-14,2000.0,24800.0,12.4,12.4,12.4,12.4,0.0,2.0
6117,迎廣,2018-12-17,2000.0,25400.0,12.8,12.8,12.6,12.6,0.2,2.0
6117,迎廣,2018-12-18,3000.0,38050.0,12.75,12.75,12.65,12.65,0.05,3.0
6117,迎廣,2018-12-19,27007.0,332784.0,12.65,12.7,12.2,12.2,-0.45,12.0
6117,迎廣,2018-12-20,15000.0,183200.0,12.3,12.55,12.0,12.0,-0.2,11.0
6117,迎廣,2018-12-21,2000.0,24550.0,12.3,12.3,12.25,12.25,0.25,2.0
6117,迎廣,2018-12-22,14.0,169.0,0.0,0.0,0.0,0.0,0.0,2.0
6117,迎廣,2018-12-24,5193.0,62276.0,12.0,12.05,11.85,12.05,0.0,7.0
6117,迎廣,2018-12-25,2000.0,24100.0,12.05,12.05,12.05,12.05,0.0,2.0
6117,迎廣,2018-12-26,5822.0,68614.0,12.3,12.3,12.0,12.0,-0.05,7.0
6117,迎廣,2018-12-27,4323.0,52826.0,12.2,12.25,12.2,12.25,0.25,4.0
6117,迎廣,2018-12-28,39001.0,465361.0,11.9,12.0,11.9,12.0,-0.25,12.0
6117,迎廣,2019-01-02,7000.0,84800.0,12.3,12.3,12.0,12.1,0.1,5.0
6117,迎廣,2019-01-03,2000.0,24050.0,12.0,12.05,12.0,12.05,-0.05,2.0
6117,迎廣,2019-01-04,7000.0,84750.0,12.05,12.2,12.05,12.1,0.05,6.0
6117,迎廣,2019-01-07,4000.0,49400.0,12.3,12.5,12.3,12.3,0.2,4.0
6117,迎廣,2019-01-08,13000.0,162700.0,12.6,12.6,12.4,12.45,0.15,8.0
6117,迎廣,2019-01-09,12000.0,151000.0,12.55,12.7,12.5,12.7,0.25,10.0
6117,迎廣,2019-01-10,4000.0,50000.0,12.5,12.5,12.5,12.5,-0.2,4.0
6117,迎廣,2019-01-11,13000.0,161550.0,12.45,12.45,12.4,12.45,-0.05,8.0
6117,迎廣,2019-01-14,6000.0,74400.0,12.25,12.45,12.25,12.4,-0.05,6.0
6117,迎廣,2019-01-15,5354.0,66354.0,12.4,12.4,12.4,12.4,0.0,4.0
6117,迎廣,2019-01-16,13000.0,157250.0,12.2,12.2,12.05,12.2,-0.2,11.0
6117,迎廣,2019-01-17,12000.0,146300.0,12.2,12.3,12.15,12.15,-0.05,9.0
6117,迎廣,2019-01-18,35000.0,441400.0,12.55,12.75,12.55,12.55,0.4,16.0
6117,迎廣,2019-01-21,32000.0,404100.0,12.55,12.75,12.55,12.55,0.0,16.0
6117,迎廣,2019-01-22,34000.0,430800.0,12.65,12.75,12.65,12.65,0.1,11.0
6117,迎廣,2019-01-23,4061.0,51974.0,12.8,12.8,12.8,12.8,0.15,4.0
6117,迎廣,2019-01-24,22000.0,282550.0,12.8,12.9,12.8,12.85,0.05,11.0
6117,迎廣,2019-01-25,3000.0,38700.0,12.9,12.9,12.9,12.9,0.05,1.0
6117,迎廣,2019-01-28,8000.0,103350.0,12.85,13.2,12.85,12.85,-0.05,5.0
6117,迎廣,2019-01-29,12000.0,154800.0,12.9,12.9,12.9,12.9,0.05,4.0
6117,迎廣,2019-01-30,31070.0,407095.0,13.2,13.2,13.1,13.1,0.2,7.0
6117,迎廣,2019-02-11,74023.0,961796.0,13.1,13.15,12.7,13.0,-0.1,13.0
6117,迎廣,2019-02-12,9999.0,128486.0,12.7,12.9,12.7,12.9,-0.1,7.0
6117,迎廣,2019-02-13,3999.0,51886.0,13.0,13.0,13.0,13.0,0.1,3.0
6117,迎廣,2019-02-14,70731.0,931289.0,13.1,13.3,13.1,13.2,0.2,26.0
6117,迎廣,2019-02-15,6000.0,80400.0,13.4,13.4,13.4,13.4,0.2,2.0
6117,迎廣,2019-02-18,3000.0,39400.0,13.0,13.4,13.0,13.4,0.0,3.0
6117,迎廣,2019-02-19,0.0,0.0,0.0,0.0,0.0,0.0,0.0,0.0
6117,迎廣,2019-02-20,21000.0,283850.0,13.4,13.75,13.4,13.65,0.0,11.0
6117,迎廣,2019-02-21,6190.0,84127.0,13.65,13.65,13.4,13.6,-0.05,6.0
6117,迎廣,2019-02-22,7000.0,94450.0,13.5,13.5,13.45,13.45,-0.15,5.0
6117,迎廣,2019-02-25,9000.0,122300.0,13.5,13.75,13.5,13.65,0.2,6.0
6117,迎廣,2019-02-26,53360.0,731778.0,13.65,13.75,13.65,13.7,0.05,20.0
6117,迎廣,2019-02-27,19000.0,259600.0,13.65,13.75,13.4,13.65,-0.05,9.0
6117,迎廣,2019-03-04,9505.0,126065.0,13.15,13.5,13.15,13.45,-0.2,11.0
6117,迎廣,2019-03-05,8000.0,109800.0,13.7,13.75,13.7,13.75,0.3,6.0
6117,迎廣,2019-03-06,44000.0,602800.0,13.75,13.9,13.35,13.9,0.15,11.0
6117,迎廣,2019-03-07,5001.0,69363.0,13.9,13.9,13.75,13.75,-0.15,4.0
6117,迎廣,2019-03-08,2000.0,27350.0,13.7,13.7,13.65,13.65,-0.1,2.0
6117,迎廣,2019-03-11,9000.0,122750.0,13.6,13.65,13.6,13.65,0.0,3.0
6117,迎廣,2019-03-12,23203.0,320669.0,13.65,13.9,13.65,13.9,0.25,13.0
6117,迎廣,2019-03-13,55010.0,770088.0,13.95,14.0,13.95,14.0,0.1,20.0
6117,迎廣,2019-03-14,22072.0,311211.0,14.15,14.15,14.05,14.15,0.15,12.0
6117,迎廣,2019-03-15,15020.0,215784.0,14.4,14.4,14.3,14.3,0.15,11.0
6117,迎廣,2019-03-18,21080.0,303482.0,14.3,14.5,14.3,14.35,0.05,9.0
6117,迎廣,2019-03-19,18000.0,261600.0,14.5,14.65,14.4,14.65,0.3,11.0
6117,迎廣,2019-03-20,34100.0,497954.0,14.65,14.7,14.5,14.7,0.05,22.0
6117,迎廣,2019-03-21,21000.0,307900.0,14.6,14.7,14.6,14.6,-0.1,12.0
6117,迎廣,2019-03-22,9000.0,133200.0,14.8,14.8,14.8,14.8,0.2,3.0
6117,迎廣,2019-03-25,11101.0,165889.0,14.95,15.0,14.9,14.9,0.1,9.0
6117,迎廣,2019-03-26,17045.0,249706.0,14.5,14.75,14.5,14.75,-0.15,14.0
6117,迎廣,2019-03-27,9677.0,139145.0,14.5,14.5,14.2,14.2,-0.55,6.0
6117,迎廣,2019-03-28,23998.0,347071.0,14.2,14.75,14.2,14.4,0.2,10.0
6117,迎廣,2019-03-29,13360.0,190048.0,14.0,14.4,14.0,14.4,0.0,9.0
6117,迎廣,2019-04-01,27014.0,396955.0,14.6,14.8,14.45,14.7,0.3,16.0
6117,迎廣,2019-04-02,7000.0,102900.0,14.7,14.7,14.7,14.7,0.0,4.0
6117,迎廣,2019-04-03,8000.0,118000.0,14.8,14.8,14.5,14.75,0.05,5.0
6117,迎廣,2019-04-08,13914.0,206143.0,14.9,14.9,14.75,14.75,0.0,11.0
6117,迎廣,2019-04-09,3000.0,44150.0,14.7,14.75,14.7,14.75,0.0,3.0
6117,迎廣,2019-04-10,14000.0,205350.0,14.55,14.75,14.55,14.7,-0.05,8.0
6117,迎廣,2019-04-11,13000.0,191750.0,14.85,14.85,14.7,14.8,0.1,7.0
6117,迎廣,2019-04-12,3000.0,44250.0,14.8,14.8,14.7,14.7,-0.1,3.0
6117,迎廣,2019-04-15,7019.0,104031.0,14.9,14.9,14.75,14.8,0.1,7.0
6117,迎廣,2019-04-16,14360.0,212474.0,14.8,14.8,14.8,14.8,0.0,6.0
6117,迎廣,2019-04-17,25499.0,375685.0,14.8,14.8,14.45,14.8,0.0,23.0
6117,迎廣,2019-04-18,33180.0,481438.0,14.6,14.8,14.2,14.2,-0.6,19.0
6117,迎廣,2019-04-19,10540.0,153426.0,14.6,14.65,14.5,14.5,0.3,7.0
6117,迎廣,2019-04-22,3000.0,43700.0,14.5,14.7,14.5,14.7,0.2,2.0
6117,迎廣,2019-04-23,4000.0,58900.0,14.7,14.8,14.7,14.8,0.1,4.0
6117,迎廣,2019-04-24,4000.0,59200.0,14.8,14.8,14.8,14.8,0.0,3.0
6117,迎廣,2019-04-25,2000.0,29500.0,14.75,14.75,14.75,14.75,-0.05,1.0
6117,迎廣,2019-04-26,8000.0,117450.0,14.75,14.8,14.4,14.4,-0.35,3.0
6117,迎廣,2019-04-29,29000.0,418300.0,14.5,14.6,14.3,14.6,0.2,11.0
6117,迎廣,2019-04-30,2000.0,29300.0,14.65,14.65,14.65,14.65,0.05,1.0
6117,迎廣,2019-05-02,12177.0,177866.0,14.65,14.65,14.4,14.4,-0.25,6.0
6117,迎廣,2019-05-03,30132.0,430917.0,14.4,14.4,14.25,14.25,-0.15,10.0
6117,迎廣,2019-05-06,4000.0,57950.0,14.45,14.5,14.45,14.5,0.25,4.0
6117,迎廣,2019-05-07,2911.0,42946.0,14.8,14.8,14.8,14.8,0.3,3.0
6117,迎廣,2019-05-08,1000.0,14700.0,14.7,14.7,14.7,14.7,-0.1,1.0
6117,迎廣,2019-05-09,26000.0,368100.0,14.3,14.3,13.8,14.2,-0.5,10.0
6117,迎廣,2019-05-10,17000.0,236500.0,14.2,14.2,13.7,14.2,0.0,8.0
6117,迎廣,2019-05-13,24000.0,330500.0,14.3,14.3,13.7,14.1,-0.1,12.0
6117,迎廣,2019-05-14,1002.0,14528.0,14.5,14.5,14.5,14.5,0.4,2.0
6117,迎廣,2019-05-15,13000.0,185300.0,14.3,14.35,14.2,14.2,-0.3,5.0
6117,迎廣,2019-05-16,1089.0,15081.0,13.85,13.85,13.85,13.85,-0.35,3.0
6117,迎廣,2019-05-17,8000.0,111150.0,14.25,14.25,13.8,14.1,0.25,5.0
6117,迎廣,2019-05-20,1000.0,14100.0,14.1,14.1,14.1,14.1,0.0,1.0
6117,迎廣,2019-05-21,9248.0,123822.0,13.1,14.15,13.0,14.15,0.05,7.0
6117,迎廣,2019-05-22,1000.0,13500.0,13.5,13.5,13.5,13.5,-0.65,1.0
6117,迎廣,2019-05-23,1002.0,13927.0,13.9,13.9,13.9,13.9,0.4,2.0
6117,迎廣,2019-05-24,10000.0,135000.0,13.5,13.5,13.5,13.5,-0.4,3.0
6117,迎廣,2019-05-27,4460.0,60018.0,14.1,14.1,13.25,13.3,-0.2,6.0
6117,迎廣,2019-05-28,27000.0,361050.0,13.9,13.9,13.3,13.3,0.0,9.0
6117,迎廣,2019-05-29,16000.0,208050.0,13.05,13.05,12.9,12.9,-0.4,5.0
6117,迎廣,2019-05-30,19002.0,242076.0,13.15,13.15,12.65,13.15,0.25,10.0
6117,迎廣,2019-05-31,1001.0,13263.0,13.25,13.25,13.25,13.25,0.1,2.0
6117,迎廣,2019-06-03,1070.0,13696.0,12.8,12.8,12.8,12.8,-0.45,2.0
6117,迎廣,2019-06-04,2911.0,38434.0,13.3,13.3,13.2,13.2,0.4,3.0
6117,迎廣,2019-06-05,8912.0,113536.0,13.1,13.1,12.65,12.75,-0.45,6.0
6117,迎廣,2019-06-06,5310.0,67787.0,12.85,12.85,12.7,12.7,-0.05,6.0
6117,迎廣,2019-06-10,15330.0,194991.0,12.75,12.75,12.7,12.7,0.0,5.0
6117,迎廣,2019-06-11,30000.0,376600.0,12.7,12.95,12.4,12.6,-0.1,14.0
6117,迎廣,2019-06-12,13195.0,169775.0,12.6,13.0,12.6,12.8,0.2,12.0
6117,迎廣,2019-06-13,33000.0,434100.0,13.0,13.7,12.7,13.45,0.65,25.0
6117,迎廣,2019-06-14,4000.0,52850.0,13.1,13.45,13.1,13.45,0.0,3.0
6117,迎廣,2019-06-17,8000.0,107700.0,13.55,13.7,13.1,13.7,0.25,7.0
6117,迎廣,2019-06-18,8042.0,111527.0,13.9,13.9,13.75,13.75,0.05,6.0
6117,迎廣,2019-06-19,11001.0,152213.0,13.8,14.0,13.6,13.6,-0.15,8.0
6117,迎廣,2019-06-20,2042.0,28484.0,13.95,13.95,13.95,13.95,0.35,4.0
6117,迎廣,2019-06-21,5000.0,68450.0,13.9,13.9,13.5,13.75,-0.2,5.0
6117,迎廣,2019-06-24,2001.0,27463.0,13.7,13.75,13.7,13.75,0.0,3.0
6117,迎廣,2019-06-25,14080.0,190720.0,13.5,14.1,13.5,14.1,0.35,4.0
6117,迎廣,2019-06-26,4823.0,65248.0,13.3,13.95,13.3,13.95,-0.15,3.0
6117,迎廣,2019-06-27,2000.0,27550.0,13.6,13.95,13.6,13.95,0.0,2.0
6117,迎廣,2019-06-28,150471.0,2301206.0,15.3,15.3,15.2,15.3,1.35,72.0
6117,迎廣,2019-07-01,306504.0,4814909.0,16.0,16.2,15.0,15.0,-0.3,187.0
6117,迎廣,2019-07-02,126734.0,1859205.0,15.5,15.5,14.25,14.55,-0.45,98.0
6117,迎廣,2019-07-03,41320.0,602921.0,14.55,14.9,14.5,14.6,0.05,28.0
6117,迎廣,2019-07-04,21180.0,308551.0,14.7,14.7,14.5,14.55,-0.05,8.0
6117,迎廣,2019-07-05,2000.0,29550.0,14.8,14.8,14.75,14.75,0.2,2.0
6117,迎廣,2019-07-08,36000.0,509200.0,14.0,14.45,14.0,14.25,-0.5,14.0
6117,迎廣,2019-07-09,15300.0,217960.0,14.25,14.25,14.2,14.2,-0.05,9.0
6117,迎廣,2019-07-10,16000.0,228100.0,14.25,14.4,14.2,14.2,0.0,6.0
6117,迎廣,2019-07-11,23000.0,333150.0,14.0,15.1,14.0,14.95,0.75,13.0
6117,迎廣,2019-07-12,26000.0,375650.0,14.6,14.75,14.3,14.45,-0.5,14.0
6117,迎廣,2019-07-15,113540.0,1574764.0,14.2,14.2,13.55,14.2,-0.25,77.0
6117,迎廣,2019-07-16,85090.0,1205819.0,14.2,14.3,14.0,14.2,0.0,17.0
6117,迎廣,2019-07-17,105000.0,1497450.0,14.35,14.5,14.05,14.4,0.2,33.0
6117,迎廣,2019-07-18,28000.0,405600.0,14.4,14.75,14.4,14.75,0.35,11.0
6117,迎廣,2019-07-19,15000.0,215550.0,14.3,14.65,14.3,14.3,-0.45,11.0
6117,迎廣,2019-07-22,59351.0,877279.0,14.6,15.0,14.55,15.0,0.7,29.0
6117,迎廣,2019-07-23,8700.0,128054.0,14.95,14.95,14.65,14.65,-0.35,7.0
6117,迎廣,2019-07-24,10000.0,146550.0,14.65,14.75,14.6,14.75,0.1,8.0
6117,迎廣,2019-07-25,3300.0,48810.0,15.0,15.0,14.7,14.7,-0.05,4.0
6117,迎廣,2019-07-26,6000.0,88450.0,14.95,14.95,14.7,14.7,0.0,4.0
6117,迎廣,2019-07-29,5141.0,75586.0,14.65,14.9,14.65,14.9,0.2,5.0
6117,迎廣,2019-07-30,9343.0,138657.0,14.9,15.45,14.65,14.7,-0.2,11.0
6117,迎廣,2019-07-31,27000.0,397000.0,14.7,14.8,14.7,14.7,0.0,12.0
6117,迎廣,2019-08-01,6300.0,92430.0,14.65,14.7,14.6,14.6,-0.1,5.0
6117,迎廣,2019-08-02,4000.0,58750.0,14.8,14.8,14.6,14.75,0.15,3.0
6117,迎廣,2019-08-05,4000.0,57850.0,14.5,14.5,14.35,14.35,-0.4,3.0
6117,迎廣,2019-08-06,13000.0,188050.0,14.05,14.5,14.05,14.5,0.15,10.0
6117,迎廣,2019-08-07,3000.0,43500.0,14.5,14.5,14.5,14.5,0.0,2.0
6117,迎廣,2019-08-08,10014.0,146155.0,14.85,14.85,14.5,14.8,0.3,7.0
6117,迎廣,2019-08-12,7000.0,102350.0,14.9,14.9,14.4,14.9,0.1,5.0
6117,迎廣,2019-08-13,8000.0,114850.0,14.35,14.7,14.3,14.7,-0.2,3.0
6117,迎廣,2019-08-14,11469.0,162812.0,14.2,14.2,14.2,14.2,-0.5,5.0
6117,迎廣,2019-08-15,0.0,0.0,0.0,0.0,0.0,0.0,0.0,0.0
6117,迎廣,2019-08-16,3000.0,42600.0,14.05,14.5,14.05,14.5,0.0,3.0
6117,迎廣,2019-08-19,3000.0,42750.0,14.25,14.25,14.25,14.25,-0.25,2.0
6117,迎廣,2019-08-20,10360.0,148584.0,14.3,14.5,14.3,14.5,0.25,6.0
6117,迎廣,2019-08-21,14665.0,209741.0,13.9,14.9,13.9,14.9,0.4,15.0
6117,迎廣,2019-08-22,2000.0,29350.0,14.9,14.9,14.45,14.45,-0.45,2.0
6117,迎廣,2019-08-23,55000.0,746250.0,14.2,14.45,13.35,13.95,-0.5,36.0
6117,迎廣,2019-08-26,3000.0,41700.0,13.9,13.9,13.9,13.9,-0.05,2.0
6117,迎廣,2019-08-27,11001.0,153413.0,13.95,14.0,13.9,13.9,0.0,6.0
6117,迎廣,2019-08-28,4300.0,59770.0,13.9,13.9,13.9,13.9,0.0,4.0
6117,迎廣,2019-08-29,19239.0,266024.0,13.6,13.9,13.6,13.8,-0.1,14.0
6117,迎廣,2019-08-30,8560.0,118072.0,13.8,13.8,13.8,13.8,0.0,8.0
6117,迎廣,2019-09-02,6000.0,83800.0,13.9,14.2,13.9,14.2,0.4,4.0
6117,迎廣,2019-09-03,5001.0,69613.0,14.0,14.0,13.9,13.9,-0.3,3.0
6117,迎廣,2019-09-04,1911.0,26098.0,13.8,13.8,13.8,13.8,-0.1,3.0
6117,迎廣,2019-09-05,4000.0,55600.0,13.9,13.9,13.9,13.9,0.1,1.0
6117,迎廣,2019-09-06,13000.0,180100.0,13.9,13.9,13.8,13.85,-0.05,3.0
6117,迎廣,2019-09-09,2000.0,28050.0,14.2,14.2,13.85,13.85,0.0,2.0
6117,迎廣,2019-09-10,300.0,4139.0,0.0,0.0,0.0,0.0,0.0,3.0
6117,迎廣,2019-09-11,6000.0,85050.0,14.15,14.2,14.15,14.2,0.0,2.0
6117,迎廣,2019-09-12,4000.0,56800.0,14.2,14.2,14.2,14.2,0.0,2.0
6117,迎廣,2019-09-16,5008.0,71262.0,14.2,14.25,14.2,14.25,0.05,5.0
6117,迎廣,2019-09-17,3001.0,42113.0,14.2,14.2,13.95,13.95,-0.3,4.0
6117,迎廣,2019-09-18,16306.0,232237.0,14.0,14.8,14.0,14.8,0.85,13.0
6117,迎廣,2019-09-19,3000.0,43600.0,14.6,14.6,14.4,14.4,-0.4,3.0
6117,迎廣,2019-09-20,9000.0,130400.0,14.5,14.5,14.4,14.4,0.0,6.0
6117,迎廣,2019-09-23,33220.0,485890.0,14.5,14.7,14.5,14.6,0.2,16.0
6117,迎廣,2019-09-24,29584.0,433630.0,14.7,14.85,14.6,14.6,0.0,15.0
6117,迎廣,2019-09-25,16000.0,235400.0,14.85,14.85,14.65,14.65,0.05,8.0
6117,迎廣,2019-09-26,6010.0,88245.0,15.0,15.0,14.5,14.8,0.15,6.0
6117,迎廣,2019-09-27,11000.0,158100.0,14.5,14.65,14.2,14.65,-0.15,11.0
6117,迎廣,2019-10-01,6309.0,90818.0,14.4,14.4,14.4,14.4,-0.25,4.0
6117,迎廣,2019-10-02,9020.0,126728.0,14.2,14.2,14.0,14.0,-0.4,9.0
6117,迎廣,2019-10-03,17000.0,240400.0,14.2,14.4,14.1,14.1,0.1,7.0
6117,迎廣,2019-10-04,30000.0,418900.0,14.1,14.1,13.85,14.0,-0.1,27.0
6117,迎廣,2019-10-07,5000.0,70700.0,14.1,14.15,14.1,14.15,0.15,5.0
6117,迎廣,2019-10-08,10320.0,145334.0,14.15,14.15,13.95,13.95,-0.2,7.0
6117,迎廣,2019-10-09,1640.0,23843.0,14.5,14.5,14.5,14.5,0.55,4.0
6117,迎廣,2019-10-14,0.0,0.0,0.0,0.0,0.0,0.0,0.0,0.0
6117,迎廣,2019-10-15,37000.0,513800.0,13.85,14.1,13.8,14.1,0.0,20.0
6117,迎廣,2019-10-16,27720.0,390202.0,14.1,14.5,13.7,14.4,0.3,24.0
6117,迎廣,2019-10-17,12141.0,170774.0,14.2,14.2,14.0,14.0,-0.4,5.0
6117,迎廣,2019-10-18,4000.0,56150.0,14.15,14.15,14.0,14.0,0.0,3.0
6117,迎廣,2019-10-21,11000.0,150950.0,13.75,13.85,13.7,13.85,-0.15,4.0
6117,迎廣,2019-10-22,8001.0,111213.0,14.0,14.0,13.8,13.8,-0.05,7.0
6117,迎廣,2019-10-23,4000.0,55600.0,13.9,13.9,13.9,13.9,0.1,2.0
6117,迎廣,2019-10-24,16000.0,222550.0,14.0,14.0,13.85,13.85,-0.05,9.0
6117,迎廣,2019-10-25,13000.0,179650.0,13.9,13.9,13.75,13.75,-0.1,6.0
6117,迎廣,2019-10-28,8000.0,110200.0,13.85,13.85,13.75,13.75,0.0,4.0
6117,迎廣,2019-10-29,7646.0,104735.0,13.85,13.85,13.65,13.65,-0.1,5.0
6117,迎廣,2019-10-30,2000.0,27300.0,13.65,13.65,13.65,13.65,0.0,1.0
6117,迎廣,2019-10-31,11330.0,156686.0,13.7,13.95,13.65,13.95,0.3,9.0
6117,迎廣,2019-11-01,27000.0,376100.0,13.95,14.2,13.85,14.2,0.25,12.0
6117,迎廣,2019-11-04,19180.0,265593.0,13.9,13.9,13.8,13.85,-0.35,11.0
6117,迎廣,2019-11-05,19001.0,265914.0,13.9,14.1,13.9,14.0,0.15,10.0
6117,迎廣,2019-11-06,7000.0,97300.0,13.9,13.9,13.9,13.9,-0.1,2.0
6117,迎廣,2019-11-07,2000.0,27700.0,13.85,13.85,13.85,13.85,-0.05,1.0
6117,迎廣,2019-11-08,27000.0,368400.0,13.8,13.85,13.6,13.6,-0.25,16.0
6117,迎廣,2019-11-11,12000.0,163050.0,13.65,13.65,13.55,13.55,-0.05,6.0
6117,迎廣,2019-11-12,19180.0,260129.0,13.6,13.6,13.5,13.5,-0.05,9.0
6117,迎廣,2019-11-13,7000.0,95200.0,13.6,13.6,13.6,13.6,0.1,4.0
6117,迎廣,2019-11-14,2000.0,27200.0,13.6,13.6,13.6,13.6,0.0,1.0
6117,迎廣,2019-11-15,7000.0,94600.0,13.6,13.6,13.45,13.45,-0.15,3.0
6117,迎廣,2019-11-18,16100.0,217435.0,13.6,13.6,13.25,13.25,-0.2,11.0
6117,迎廣,2019-11-19,28492.0,382191.0,13.4,13.7,13.4,13.7,0.45,8.0
6117,迎廣,2019-11-20,9000.0,122900.0,13.5,13.7,13.5,13.7,0.0,7.0
6117,迎廣,2019-11-21,3000.0,40400.0,13.5,13.5,13.4,13.4,-0.3,3.0
6117,迎廣,2019-11-22,11000.0,150600.0,13.6,13.8,13.6,13.7,0.3,5.0
6117,迎廣,2019-11-25,7000.0,96400.0,13.7,13.8,13.7,13.8,0.1,3.0
6117,迎廣,2019-11-26,10101.0,137113.0,13.8,13.8,13.5,13.5,-0.3,7.0
6117,迎廣,2019-11-27,7129.0,96441.0,13.55,13.6,13.5,13.5,0.0,5.0
6117,迎廣,2019-11-28,16000.0,215650.0,13.65,13.65,13.4,13.4,-0.1,7.0
6117,迎廣,2019-11-29,14000.0,185850.0,13.5,13.5,13.05,13.05,-0.35,12.0
6117,迎廣,2019-12-02,7000.0,92000.0,13.05,13.3,13.05,13.3,0.25,4.0
6117,迎廣,2019-12-03,1000.0,13250.0,13.25,13.25,13.25,13.25,-0.05,1.0
6117,迎廣,2019-12-04,2486.0,33066.0,13.35,13.35,13.35,13.35,0.1,2.0
6117,迎廣,2019-12-05,3000.0,39900.0,13.3,13.3,13.3,13.3,-0.05,2.0
6117,迎廣,2019-12-06,12416.0,167582.0,13.4,13.55,13.4,13.4,0.1,9.0
6117,迎廣,2019-12-09,8120.0,107884.0,13.5,13.5,13.2,13.2,-0.2,7.0
6117,迎廣,2019-12-10,24000.0,320500.0,13.2,13.55,13.2,13.55,0.35,13.0
6117,迎廣,2019-12-11,9180.0,125112.0,13.6,13.7,13.6,13.6,0.05,7.0
6117,迎廣,2019-12-12,16000.0,217700.0,13.65,13.65,13.6,13.6,0.0,5.0
6117,迎廣,2019-12-13,9000.0,123300.0,13.7,13.7,13.7,13.7,0.1,5.0
6117,迎廣,2019-12-16,2000.0,27400.0,13.7,13.7,13.7,13.7,0.0,1.0
6117,迎廣,2019-12-17,6000.0,81700.0,13.65,13.65,13.6,13.6,-0.1,3.0
6117,迎廣,2019-12-18,12180.0,165371.0,13.7,13.7,13.5,13.6,0.0,7.0
6117,迎廣,2019-12-19,10000.0,136900.0,13.65,13.7,13.65,13.7,0.1,5.0
6117,迎廣,2019-12-20,3000.0,40800.0,13.6,13.6,13.6,13.6,-0.1,2.0
6117,迎廣,2019-12-23,5000.0,67750.0,13.65,13.65,13.45,13.55,-0.05,4.0
6117,迎廣,2019-12-24,4000.0,54600.0,13.65,13.65,13.65,13.65,0.1,2.0
6117,迎廣,2019-12-25,9000.0,123250.0,13.65,13.7,13.65,13.7,0.05,4.0
6117,迎廣,2019-12-26,10000.0,137000.0,13.7,13.7,13.7,13.7,0.0,2.0
6117,迎廣,2019-12-27,10000.0,135700.0,13.7,13.7,13.5,13.5,-0.2,5.0
6117,迎廣,2019-12-30,8184.0,109806.0,13.3,13.55,13.3,13.55,0.05,6.0
6117,迎廣,2019-12-31,3000.0,41150.0,13.7,13.75,13.7,13.75,0.2,2.0
6117,迎廣,2020-01-02,5911.0,80798.0,13.75,13.75,13.5,13.75,0.0,5.0
6117,迎廣,2020-01-03,7731.0,104208.0,13.45,13.6,13.45,13.6,-0.15,8.0
6117,迎廣,2020-01-06,11000.0,149350.0,13.5,13.6,13.5,13.6,0.0,9.0
6117,迎廣,2020-01-07,66300.0,921070.0,13.6,14.35,13.6,14.2,0.6,34.0
6117,迎廣,2020-01-08,39000.0,565800.0,14.2,14.7,14.2,14.6,0.4,29.0
6117,迎廣,2020-01-09,15100.0,218180.0,14.6,14.6,14.3,14.3,-0.3,13.0
6117,迎廣,2020-01-10,10000.0,142950.0,14.3,14.35,14.25,14.25,-0.05,9.0
6117,迎廣,2020-01-13,178333.0,2673128.0,14.25,15.35,14.25,14.9,0.65,126.0
6117,迎廣,2020-01-14,27310.0,393016.0,14.5,14.55,14.3,14.35,-0.55,14.0
6117,迎廣,2020-01-15,1540.0,22118.0,14.45,14.45,14.45,14.45,0.1,2.0
6117,迎廣,2020-01-16,3000.0,43300.0,14.45,14.45,14.4,14.4,-0.05,2.0
6117,迎廣,2020-01-17,15416.0,222065.0,14.6,14.6,14.4,14.4,0.0,7.0
6117,迎廣,2020-01-20,21208.0,305342.0,14.4,14.4,14.4,14.4,0.0,11.0
6117,迎廣,2020-01-30,31000.0,429300.0,13.95,14.0,13.7,13.8,-0.6,15.0
6117,迎廣,2020-01-31,4000.0,55200.0,13.8,13.8,13.8,13.8,0.0,3.0
6117,迎廣,2020-02-03,4000.0,56200.0,13.9,14.2,13.9,14.2,0.4,3.0
6117,迎廣,2020-02-04,13000.0,187400.0,14.2,14.5,14.2,14.5,0.3,9.0
6117,迎廣,2020-02-05,5000.0,72600.0,14.4,14.75,14.4,14.75,0.25,5.0
6117,迎廣,2020-02-06,13000.0,192450.0,14.9,14.9,14.65,14.65,-0.1,7.0
6117,迎廣,2020-02-07,17000.0,248400.0,14.6,14.65,14.6,14.6,-0.05,15.0
6117,迎廣,2020-02-10,10080.0,147976.0,14.6,15.0,14.6,15.0,0.4,9.0
6117,迎廣,2020-02-11,10000.0,150000.0,15.0,15.0,15.0,15.0,0.0,9.0
6117,迎廣,2020-02-12,6911.0,102991.0,15.0,15.0,14.7,14.95,-0.05,7.0
6117,迎廣,2020-02-13,6000.0,89250.0,15.0,15.0,14.75,14.75,-0.2,4.0
6117,迎廣,2020-02-14,23000.0,344300.0,14.8,15.05,14.8,15.0,0.25,16.0
6117,迎廣,2020-02-17,9000.0,133800.0,15.1,15.1,14.35,14.6,-0.4,8.0
6117,迎廣,2020-02-18,7000.0,102400.0,14.6,14.65,14.6,14.65,0.05,5.0
6117,迎廣,2020-02-19,22035.0,322612.0,14.65,14.75,14.6,14.75,0.1,8.0
6117,迎廣,2020-02-20,11563.0,169663.0,14.6,14.75,14.6,14.75,0.0,4.0
6117,迎廣,2020-02-21,7000.0,102100.0,14.5,14.65,14.5,14.65,-0.1,3.0
6117,迎廣,2020-02-24,3001.0,43214.0,14.4,14.4,14.4,14.4,-0.25,3.0
6117,迎廣,2020-02-25,11000.0,160400.0,14.4,14.85,14.4,14.4,0.0,4.0
6117,迎廣,2020-02-26,7010.0,101292.0,14.4,14.5,14.4,14.5,0.1,5.0
6117,迎廣,2020-02-27,38000.0,550400.0,14.6,14.6,14.4,14.4,-0.1,11.0
6117,迎廣,2020-03-02,5000.0,71900.0,14.4,14.4,14.3,14.3,-0.1,3.0
6117,迎廣,2020-03-03,6000.0,86250.0,14.35,14.4,14.35,14.4,0.1,4.0
6117,迎廣,2020-03-04,8000.0,115500.0,14.5,14.5,14.4,14.4,0.0,2.0
6117,迎廣,2020-03-05,48000.0,728200.0,14.5,15.6,14.5,15.15,0.75,34.0
6117,迎廣,2020-03-06,26000.0,388650.0,15.2,15.2,14.7,14.7,-0.45,16.0
6117,迎廣,2020-03-09,15000.0,217650.0,14.6,14.6,14.35,14.35,-0.35,6.0
6117,迎廣,2020-03-10,11000.0,159300.0,14.5,14.85,14.35,14.8,0.45,8.0
6117,迎廣,2020-03-11,35000.0,512800.0,14.85,14.85,14.4,14.4,-0.4,22.0
6117,迎廣,2020-03-12,18000.0,255050.0,14.4,14.4,14.0,14.15,-0.25,9.0
6117,迎廣,2020-03-13,36000.0,490050.0,13.8,14.0,13.3,13.85,-0.3,20.0
6117,迎廣,2020-03-16,41000.0,533550.0,14.05,14.05,12.6,12.6,-1.25,19.0
6117,迎廣,2020-03-17,25000.0,299700.0,11.5,12.6,11.45,12.3,-0.3,12.0
6117,迎廣,2020-03-18,15000.0,179950.0,12.4,12.4,11.5,11.5,-0.8,15.0
6117,迎廣,2020-03-19,41000.0,441900.0,11.5,11.5,10.35,10.35,-1.15,23.0
6117,迎廣,2020-03-20,33198.0,350968.0,10.05,11.0,10.05,11.0,0.65,23.0
6117,迎廣,2020-03-23,15000.0,155500.0,10.9,10.9,10.15,10.35,-0.65,13.0
6117,迎廣,2020-03-24,41192.0,435796.0,10.65,10.75,10.3,10.5,0.15,18.0
6117,迎廣,2020-03-25,25000.0,276050.0,10.8,11.2,10.8,10.9,0.4,16.0
6117,迎廣,2020-03-26,18000.0,202300.0,11.05,11.4,11.05,11.2,0.3,11.0
6117,迎廣,2020-03-27,49190.0,599037.0,11.2,12.3,11.2,12.3,1.1,31.0
6117,迎廣,2020-03-30,38050.0,492614.0,12.9,13.3,12.4,13.3,1.0,31.0
6117,迎廣,2020-03-31,12080.0,157406.0,13.3,13.35,12.8,13.1,-0.2,10.0
6117,迎廣,2020-04-01,30187.0,404678.0,13.3,13.7,12.8,13.55,0.45,37.0
6117,迎廣,2020-04-06,4922.0,67458.0,13.6,13.65,13.6,13.65,0.1,19.0
6117,迎廣,2020-04-07,21800.0,295457.0,13.7,13.75,13.45,13.45,-0.2,28.0
6117,迎廣,2020-04-08,28800.0,384026.0,13.5,13.65,13.15,13.5,0.05,27.0
6117,迎廣,2020-04-09,24948.0,327633.0,13.5,13.65,13.0,13.1,-0.4,32.0
6117,迎廣,2020-04-10,19400.0,254819.0,13.1,13.4,12.9,13.3,0.2,23.0
6117,迎廣,2020-04-13,17661.0,237502.0,13.6,13.6,13.35,13.35,0.05,20.0
6117,迎廣,2020-04-14,23900.0,323768.0,13.4,13.6,13.4,13.55,0.2,26.0
6117,迎廣,2020-04-15,52101.0,731927.0,13.5,14.45,13.5,14.4,0.85,39.0
6117,迎廣,2020-04-16,41000.0,598650.0,14.8,15.3,14.4,14.75,0.35,25.0
6117,迎廣,2020-04-17,7105.0,104375.0,14.95,15.0,14.3,14.3,-0.45,6.0
6117,迎廣,2020-04-20,55073.0,828396.0,14.3,15.5,14.3,15.0,0.7,32.0
6117,迎廣,2020-04-21,24230.0,356250.0,15.1,15.2,14.4,14.5,-0.5,21.0
6117,迎廣,2020-04-22,29731.0,438451.0,15.0,15.2,14.45,14.6,0.1,30.0
6117,迎廣,2020-04-23,7200.0,105340.0,14.6,14.7,14.6,14.7,0.1,7.0
6117,迎廣,2020-04-24,5119.0,74448.0,14.8,14.8,14.4,14.6,-0.1,8.0
6117,迎廣,2020-04-27,1098.0,16095.0,14.65,14.65,14.65,14.65,0.05,3.0
6117,迎廣,2020-04-28,131050.0,2038717.0,14.6,16.1,14.6,15.35,0.7,69.0
6117,迎廣,2020-04-29,80000.0,1237050.0,15.5,15.7,15.2,15.6,0.25,52.0
6117,迎廣,2020-04-30,39050.0,616285.0,15.65,15.95,15.55,15.9,0.3,24.0
6117,迎廣,2020-05-04,15167.0,242422.0,15.9,16.1,15.8,15.8,-0.1,14.0
6117,迎廣,2020-05-05,48110.0,771071.0,16.1,16.1,15.8,15.8,0.0,28.0
6117,迎廣,2020-05-06,14040.0,222648.0,16.0,16.0,15.8,15.8,0.0,10.0
6117,迎廣,2020-05-07,77035.0,1234167.0,15.75,16.3,15.75,16.3,0.5,40.0
6117,迎廣,2020-05-08,25163.0,400891.0,16.3,16.3,15.8,15.8,-0.5,17.0
6117,迎廣,2020-05-11,19355.0,304020.0,16.0,16.0,15.55,15.55,-0.25,10.0
6117,迎廣,2020-05-12,27150.0,421410.0,15.8,15.8,15.4,15.55,0.0,15.0
6117,迎廣,2020-05-13,12000.0,188200.0,15.3,15.8,15.3,15.8,0.25,6.0
6117,迎廣,2020-05-14,10684.0,168957.0,15.9,15.9,15.75,15.8,0.0,8.0
6117,迎廣,2020-05-15,23003.0,360552.0,15.8,15.8,15.4,15.8,0.0,12.0
6117,迎廣,2020-05-18,74000.0,1187550.0,16.0,16.4,15.8,16.4,0.6,46.0
6117,迎廣,2020-05-19,17163.0,279356.0,16.6,16.6,16.0,16.3,-0.1,17.0
6117,迎廣,2020-05-20,53000.0,840300.0,16.3,16.3,15.6,16.2,-0.1,27.0
6117,迎廣,2020-05-21,15000.0,241550.0,16.2,16.2,15.85,16.2,0.0,9.0
6117,迎廣,2020-05-22,27000.0,429250.0,16.25,16.25,15.8,15.8,-0.4,14.0
6117,迎廣,2020-05-25,26000.0,411250.0,15.8,15.9,15.75,15.9,0.1,12.0
6117,迎廣,2020-05-26,11000.0,176500.0,15.9,16.15,15.9,16.05,0.15,9.0
6117,迎廣,2020-05-27,18000.0,288700.0,16.05,16.1,16.0,16.05,0.0,11.0
6117,迎廣,2020-05-28,18547.0,295637.0,16.05,16.05,15.6,16.0,-0.05,13.0
6117,迎廣,2020-05-29,12100.0,190390.0,15.6,15.9,15.6,15.9,-0.1,6.0
6117,迎廣,2020-06-01,45180.0,729280.0,15.6,16.6,15.6,16.3,0.4,29.0
6117,迎廣,2020-06-02,7000.0,113500.0,16.5,16.5,15.95,15.95,-0.35,5.0
6117,迎廣,2020-06-03,12000.0,193950.0,16.15,16.2,16.1,16.2,0.25,6.0
6117,迎廣,2020-06-04,7380.0,119556.0,16.2,16.2,16.2,16.2,0.0,5.0
6117,迎廣,2020-06-05,21027.0,342634.0,16.4,16.5,16.2,16.2,0.0,14.0
6117,迎廣,2020-06-08,32000.0,521200.0,16.3,16.45,16.2,16.4,0.2,13.0
6117,迎廣,2020-06-09,8130.0,132487.0,16.5,16.5,16.2,16.3,-0.1,10.0
6117,迎廣,2020-06-10,238360.0,4252444.0,16.8,17.9,16.8,17.9,1.6,137.0
6117,迎廣,2020-06-11,377742.0,7417278.0,19.65,19.65,19.3,19.65,1.75,163.0
6117,迎廣,2020-06-12,993986.0,20155106.0,19.0,21.5,18.5,21.0,1.35,544.0
6117,迎廣,2020-06-15,521529.0,10946766.0,22.0,22.0,20.35,20.6,-0.4,308.0
6117,迎廣,2020-06-16,389505.0,8076953.0,20.6,21.2,20.3,20.85,0.25,237.0
6117,迎廣,2020-06-17,265035.0,5517817.0,20.7,21.15,20.45,20.5,-0.35,149.0
6117,迎廣,2020-06-18,348500.0,6809398.0,20.7,20.85,18.85,18.85,-1.65,224.0
6117,迎廣,2020-06-19,294050.0,5582240.0,18.95,19.35,18.7,18.7,-0.15,154.0
6117,迎廣,2020-06-22,146151.0,2831234.0,18.7,20.0,18.7,19.1,0.4,114.0
6117,迎廣,2020-06-23,78181.0,1503907.0,19.6,19.6,19.0,19.1,0.0,49.0
6117,迎廣,2020-06-24,96000.0,1838350.0,18.8,19.5,18.5,19.35,0.25,53.0
6117,迎廣,2020-06-29,58000.0,1102950.0,19.0,19.1,19.0,19.1,-0.25,30.0
6117,迎廣,2020-06-30,25200.0,480250.0,19.0,19.25,19.0,19.0,-0.1,20.0
6117,迎廣,2020-07-01,1353272.0,27637480.0,19.5,20.9,19.2,19.2,0.2,625.0
6117,迎廣,2020-07-02,210500.0,4019524.0,19.5,19.5,18.9,19.15,-0.05,135.0
6117,迎廣,2020-07-03,138000.0,2689850.0,19.45,19.9,19.05,19.85,0.7,88.0
6117,迎廣,2020-07-06,568110.0,11740380.0,20.8,21.45,20.0,20.7,0.85,278.0
6117,迎廣,2020-07-07,152105.0,3097300.0,20.7,21.0,19.8,20.0,-0.7,100.0
6117,迎廣,2020-07-08,125169.0,2470246.0,20.1,20.2,19.55,19.75,-0.25,80.0
6117,迎廣,2020-07-09,36000.0,710650.0,19.95,20.0,19.5,19.6,-0.15,34.0
6117,迎廣,2020-07-10,75026.0,1449360.0,19.3,19.6,19.0,19.5,-0.1,42.0
6117,迎廣,2020-07-13,81100.0,1550015.0,19.5,19.5,18.85,19.0,-0.5,62.0
6117,迎廣,2020-07-14,22000.0,410200.0,19.5,19.5,18.2,18.2,-0.8,18.0
6117,迎廣,2020-07-15,31000.0,578800.0,18.2,19.2,18.2,18.5,0.3,25.0
6117,迎廣,2020-07-16,36000.0,671650.0,19.45,19.45,18.2,18.55,0.05,30.0
6117,迎廣,2020-07-17,18000.0,335000.0,18.55,18.85,18.55,18.55,0.0,9.0
6117,迎廣,2020-07-20,51186.0,928563.0,18.35,18.75,18.0,18.2,-0.35,25.0
6117,迎廣,2020-07-21,39000.0,705200.0,18.05,18.4,17.95,18.0,-0.2,22.0
6117,迎廣,2020-07-22,112000.0,1989350.0,17.65,18.35,17.5,18.25,0.25,44.0
6117,迎廣,2020-07-23,11900.0,216840.0,18.25,18.6,18.0,18.0,-0.25,10.0
6117,迎廣,2020-07-24,75000.0,1359500.0,18.2,18.5,18.0,18.5,0.5,44.0
6117,迎廣,2020-07-27,16000.0,292450.0,18.45,18.9,18.15,18.15,-0.35,13.0
6117,迎廣,2020-07-28,48100.0,838374.0,18.0,18.0,16.75,17.1,-1.05,30.0
6117,迎廣,2020-07-29,6100.0,107590.0,17.1,18.2,17.1,17.75,0.65,6.0
6117,迎廣,2020-07-30,16000.0,289450.0,18.25,18.25,17.8,18.0,0.25,15.0
6117,迎廣,2020-07-31,5000.0,89900.0,18.15,18.15,17.8,18.05,0.05,5.0
6117,迎廣,2020-08-03,7000.0,124950.0,18.1,18.1,17.65,17.8,-0.25,5.0
6117,迎廣,2020-08-04,25100.0,451385.0,18.15,18.15,17.7,17.7,-0.1,17.0
6117,迎廣,2020-08-05,92260.0,1701449.0,17.55,19.05,17.55,18.5,0.8,54.0
6117,迎廣,2020-08-06,16000.0,298000.0,18.8,18.8,18.45,18.45,-0.05,11.0
6117,迎廣,2020-08-07,71020.0,1298420.0,18.3,18.95,17.55,18.9,0.45,41.0
6117,迎廣,2020-08-10,12000.0,226650.0,19.15,19.15,18.6,18.65,-0.25,10.0
6117,迎廣,2020-08-11,29354.0,548342.0,18.8,18.8,18.5,18.55,-0.1,20.0
6117,迎廣,2020-08-12,1000.0,18950.0,18.95,18.95,18.95,18.95,0.4,1.0
6117,迎廣,2020-08-13,6000.0,112050.0,18.8,18.8,18.5,18.6,-0.35,5.0
6117,迎廣,2020-08-14,21000.0,394950.0,18.95,18.95,18.4,18.8,0.2,14.0
6117,迎廣,2020-08-17,35050.0,640470.0,18.9,19.05,18.0,18.25,-0.55,31.0
6117,迎廣,2020-08-18,14000.0,253000.0,18.45,18.45,18.0,18.1,-0.15,12.0
6117,迎廣,2020-08-19,57000.0,1010500.0,18.35,18.35,17.3,17.9,-0.2,42.0
6117,迎廣,2020-08-20,20000.0,351300.0,17.45,18.05,17.3,17.55,-0.35,19.0
6117,迎廣,2020-08-21,10000.0,181200.0,17.55,18.4,17.55,18.05,0.5,9.0
6117,迎廣,2020-08-24,34005.0,619290.0,18.35,18.8,17.9,18.3,0.25,33.0
6117,迎廣,2020-08-25,6000.0,108750.0,18.15,18.25,18.0,18.25,-0.05,6.0
6117,迎廣,2020-08-26,11005.0,200539.0,18.3,18.45,18.1,18.3,0.05,10.0
6117,迎廣,2020-08-27,22540.0,402996.0,18.1,18.15,17.65,17.75,-0.55,22.0
6117,迎廣,2020-08-28,11000.0,197850.0,18.05,18.05,17.9,18.0,0.25,9.0
6117,迎廣,2020-08-31,12285.0,224351.0,18.15,18.45,18.05,18.25,0.25,14.0
6117,迎廣,2020-09-01,19000.0,338300.0,18.15,18.15,17.7,17.8,-0.45,13.0
6117,迎廣,2020-09-02,13000.0,234000.0,18.1,18.35,17.55,18.0,0.2,10.0
6117,迎廣,2020-09-03,9000.0,163100.0,18.45,18.45,18.0,18.25,0.25,9.0
6117,迎廣,2020-09-04,8000.0,145150.0,18.25,18.25,18.0,18.2,-0.05,7.0
6117,迎廣,2020-09-07,14050.0,251597.0,18.2,18.2,17.6,17.8,-0.4,14.0
6117,迎廣,2020-09-08,8000.0,142700.0,18.05,18.05,17.7,17.85,0.05,5.0
6117,迎廣,2020-09-09,8000.0,142100.0,18.05,18.05,17.5,18.05,0.2,6.0
6117,迎廣,2020-09-10,41000.0,739200.0,17.8,18.15,17.8,18.0,-0.05,24.0
6117,迎廣,2020-09-11,14180.0,247064.0,17.9,17.9,17.3,17.3,-0.7,13.0
6117,迎廣,2020-09-14,21000.0,369650.0,17.85,17.85,17.35,17.75,0.45,19.0
6117,迎廣,2020-09-15,21060.0,375127.0,17.95,17.95,17.8,17.9,0.15,12.0
6117,迎廣,2020-09-16,6000.0,108100.0,18.1,18.1,18.0,18.0,0.1,5.0
6117,迎廣,2020-09-17,8000.0,141250.0,17.8,17.8,17.5,17.55,-0.45,8.0
6117,迎廣,2020-09-18,16000.0,281850.0,17.7,17.75,17.5,17.75,0.2,10.0
6117,迎廣,2020-09-21,2000.0,35700.0,17.85,17.85,17.85,17.85,0.1,2.0
6117,迎廣,2020-09-22,11139.0,195491.0,17.5,17.75,17.45,17.45,-0.4,10.0
6117,迎廣,2020-09-23,1000.0,17450.0,17.45,17.45,17.45,17.45,0.0,1.0
6117,迎廣,2020-09-24,5035.0,88265.0,17.7,17.7,17.3,17.6,0.15,6.0
6117,迎廣,2020-09-25,10000.0,171450.0,17.5,17.5,16.8,17.25,-0.35,9.0
6117,迎廣,2020-09-28,1000.0,17550.0,17.55,17.55,17.55,17.55,0.3,1.0
6117,迎廣,2020-09-29,8000.0,137950.0,17.4,17.45,16.8,17.45,-0.1,8.0
6117,迎廣,2020-09-30,1000.0,17550.0,17.55,17.55,17.55,17.55,0.1,1.0
6117,迎廣,2020-10-05,3250.0,56937.0,17.5,17.55,17.5,17.5,-0.05,6.0
6117,迎廣,2020-10-06,12000.0,208500.0,17.4,17.55,16.8,17.55,0.05,10.0
6117,迎廣,2020-10-07,10000.0,176650.0,17.55,17.7,17.55,17.7,0.15,8.0
6117,迎廣,2020-10-08,14000.0,246300.0,17.8,17.8,17.15,17.6,-0.1,13.0
6117,迎廣,2020-10-12,133000.0,2414300.0,17.25,18.55,17.25,18.55,0.95,78.0
6117,迎廣,2020-10-13,23000.0,420400.0,18.5,18.55,18.0,18.15,-0.4,13.0
6117,迎廣,2020-10-14,12000.0,218550.0,18.55,18.55,18.05,18.25,0.1,10.0
6117,迎廣,2020-10-15,21200.0,385860.0,18.2,18.25,18.0,18.25,0.0,15.0
6117,迎廣,2020-10-16,37000.0,666800.0,18.1,18.2,17.95,18.05,-0.2,23.0
6117,迎廣,2020-10-19,22000.0,400000.0,18.2,18.25,17.7,18.25,0.2,11.0
6117,迎廣,2020-10-20,12000.0,215850.0,18.1,18.1,17.95,17.95,-0.3,5.0
6117,迎廣,2020-10-21,25100.0,448080.0,17.95,18.25,17.75,17.75,-0.2,12.0
6117,迎廣,2020-10-22,4000.0,71850.0,18.15,18.15,17.75,18.0,0.25,4.0
6117,迎廣,2020-10-23,88000.0,1608950.0,18.1,18.6,18.0,18.6,0.6,43.0
6117,迎廣,2020-10-26,39033.0,701944.0,18.5,18.5,17.8,17.8,-0.8,27.0
6117,迎廣,2020-10-27,19000.0,337450.0,17.9,17.9,17.5,17.7,-0.1,13.0
6117,迎廣,2020-10-28,19000.0,334950.0,17.7,17.75,17.5,17.5,-0.2,8.0
6117,迎廣,2020-10-29,123005.0,2064587.0,16.85,17.7,16.5,16.9,-0.6,75.0
6117,迎廣,2020-10-30,181330.0,2911707.0,16.85,16.85,15.75,15.75,-1.15,99.0
6117,迎廣,2020-11-02,44318.0,690248.0,15.75,15.85,15.3,15.85,0.1,36.0
6117,迎廣,2020-11-03,14000.0,222400.0,16.2,16.2,15.7,16.05,0.2,12.0
6117,迎廣,2020-11-04,7000.0,113100.0,16.15,16.2,16.1,16.2,0.15,6.0
6117,迎廣,2020-11-05,1000.0,16300.0,16.3,16.3,16.3,16.3,0.1,1.0
6117,迎廣,2020-11-06,56000.0,917100.0,16.2,16.6,16.2,16.6,0.3,28.0
6117,迎廣,2020-11-09,10040.0,166518.0,16.4,16.7,16.4,16.65,0.05,7.0
6117,迎廣,2020-11-10,1278.0,21372.0,16.75,16.75,16.75,16.75,0.1,3.0
6117,迎廣,2020-11-11,4000.0,66100.0,16.5,16.6,16.5,16.6,-0.15,4.0
6117,迎廣,2020-11-12,45220.0,738608.0,16.5,16.75,16.0,16.4,-0.2,20.0
6117,迎廣,2020-11-13,4680.0,77034.0,16.65,16.65,16.1,16.6,0.2,6.0
6117,迎廣,2020-11-16,4000.0,66400.0,16.6,16.6,16.6,16.6,0.0,3.0
6117,迎廣,2020-11-17,4000.0,67400.0,17.0,17.0,16.75,16.75,0.15,4.0
6117,迎廣,2020-11-18,5020.0,84891.0,16.95,16.95,16.9,16.9,0.15,6.0
6117,迎廣,2020-11-19,1120.0,18828.0,16.8,16.8,16.8,16.8,-0.1,3.0
6117,迎廣,2020-11-20,3135.0,53370.0,17.05,17.05,17.0,17.0,0.2,6.0
6117,迎廣,2020-11-23,18000.0,307850.0,17.05,17.25,16.85,16.85,-0.15,14.0
6117,迎廣,2020-11-24,48120.0,781787.0,16.8,16.95,16.0,16.0,-0.85,29.0
6117,迎廣,2020-11-25,37911.0,612784.0,15.95,16.55,15.9,16.2,0.2,32.0
6117,迎廣,2020-11-26,15004.0,250012.0,16.5,16.8,16.45,16.8,0.6,13.0
6117,迎廣,2020-11-27,20911.0,351172.0,16.9,17.05,16.65,16.95,0.15,11.0
6117,迎廣,2020-11-30,14727.0,248923.0,16.5,17.15,16.5,17.1,0.15,13.0
6117,迎廣,2020-12-01,20911.0,351881.0,17.1,17.25,16.7,16.8,-0.3,13.0
6117,迎廣,2020-12-02,2440.0,41524.0,17.15,17.15,17.0,17.0,0.2,9.0
6117,迎廣,2020-12-03,4135.0,70346.0,17.0,17.05,17.0,17.05,0.05,5.0
6117,迎廣,2020-12-04,7200.0,122150.0,17.0,17.0,16.95,16.95,-0.1,8.0
6117,迎廣,2020-12-07,12030.0,203610.0,17.0,17.15,16.7,17.05,0.1,13.0
6117,迎廣,2020-12-08,1000.0,17100.0,17.1,17.1,17.1,17.1,0.05,1.0
6117,迎廣,2020-12-09,5569.0,93272.0,16.6,16.9,16.6,16.65,-0.45,9.0
6117,迎廣,2020-12-10,8200.0,135150.0,16.9,16.9,16.25,16.5,-0.15,9.0
6117,迎廣,2020-12-11,3009.0,50239.0,16.55,16.95,16.55,16.95,0.45,5.0
6117,迎廣,2020-12-14,13000.0,221650.0,17.3,17.3,16.85,17.0,0.05,13.0
6117,迎廣,2020-12-15,12181.0,204714.0,17.0,17.05,16.5,16.7,-0.3,12.0
6117,迎廣,2020-12-16,60201.0,996506.0,16.95,16.95,16.3,16.65,-0.05,38.0
6117,迎廣,2020-12-17,14324.0,237062.0,16.4,16.85,16.4,16.85,0.2,13.0
6117,迎廣,2020-12-18,3030.0,50505.0,16.65,16.7,16.65,16.7,-0.15,4.0
6117,迎廣,2020-12-21,9005.0,148532.0,16.4,16.75,16.4,16.5,-0.2,8.0
6117,迎廣,2020-12-22,6100.0,99905.0,16.65,16.65,16.15,16.15,-0.35,6.0
6117,迎廣,2020-12-23,21316.0,348983.0,16.1,16.55,16.1,16.55,0.4,16.0
6117,迎廣,2020-12-24,8000.0,133600.0,16.55,16.75,16.55,16.75,0.2,5.0
6117,迎廣,2020-12-25,2056.0,34579.0,16.75,16.9,16.75,16.9,0.15,4.0
6117,迎廣,2020-12-28,5505.0,92583.0,16.9,16.9,16.6,16.85,-0.05,7.0
6117,迎廣,2020-12-29,13364.0,221996.0,16.65,16.65,16.5,16.65,-0.2,16.0
6117,迎廣,2020-12-30,58852.0,967984.0,16.8,16.95,16.05,16.95,0.3,51.0
6117,迎廣,2020-12-31,84154.0,1412751.0,16.95,17.25,16.2,17.2,0.25,52.0
6117,迎廣,2021-01-04,11491.0,195339.0,17.1,17.1,16.8,17.0,-0.2,16.0
6117,迎廣,2021-01-05,2180.0,37157.0,17.4,17.4,16.75,16.75,-0.25,4.0
6117,迎廣,2021-01-06,18180.0,305810.0,16.8,17.05,16.7,16.7,-0.05,12.0
6117,迎廣,2021-01-07,15000.0,249800.0,16.95,16.95,16.55,16.6,-0.1,11.0
6117,迎廣,2021-01-08,63605.0,1048772.0,16.5,16.7,16.2,16.5,-0.1,26.0
6117,迎廣,2021-01-11,36084.0,602761.0,16.35,17.15,16.3,16.5,0.0,20.0
6117,迎廣,2021-01-12,15000.0,245850.0,16.85,16.85,16.2,16.2,-0.3,11.0
6117,迎廣,2021-01-13,27000.0,439150.0,16.2,16.45,16.2,16.3,0.1,18.0
6117,迎廣,2021-01-14,33412.0,539874.0,16.2,16.25,16.05,16.15,-0.15,30.0
6117,迎廣,2021-01-15,48504.0,759599.0,16.15,16.2,15.3,15.65,-0.5,25.0
6117,迎廣,2021-01-18,7284.0,112264.0,15.6,15.6,15.3,15.4,-0.25,10.0
6117,迎廣,2021-01-19,19221.0,295503.0,15.4,15.65,15.35,15.35,-0.05,9.0
6117,迎廣,2021-01-20,14975.0,225558.0,15.35,15.35,14.65,14.65,-0.7,28.0
6117,迎廣,2021-01-21,5000.0,73550.0,14.75,14.75,14.7,14.7,0.05,3.0
6117,迎廣,2021-01-22,4501.0,68765.0,15.0,15.45,15.0,15.4,0.7,17.0
6117,迎廣,2021-01-25,8001.0,123015.0,15.5,15.5,14.95,15.45,0.05,8.0
6117,迎廣,2021-01-26,3000.0,46250.0,15.45,15.65,15.15,15.15,-0.3,3.0
6117,迎廣,2021-01-27,15007.0,232406.0,15.5,15.95,15.15,15.15,0.0,13.0
6117,迎廣,2021-01-28,10181.0,156205.0,15.15,15.7,15.15,15.15,0.0,11.0
6117,迎廣,2021-01-29,17000.0,251950.0,15.5,15.5,14.5,14.5,-0.65,11.0
6117,迎廣,2021-02-01,7911.0,117508.0,14.7,15.2,14.7,14.75,0.25,14.0
6117,迎廣,2021-02-02,7035.0,108128.0,15.15,15.5,15.15,15.35,0.6,7.0
6117,迎廣,2021-02-03,5182.0,78876.0,15.4,15.4,15.15,15.15,-0.2,9.0
6117,迎廣,2021-02-04,2220.0,34138.0,15.15,15.6,15.15,15.6,0.45,5.0
6117,迎廣,2021-02-05,13770.0,210133.0,15.3,15.6,15.0,15.15,-0.45,24.0
6117,迎廣,2021-02-17,6406.0,99030.0,15.65,15.65,15.15,15.35,0.2,11.0
6117,迎廣,2021-02-18,2000.0,30900.0,15.35,15.55,15.35,15.55,0.2,2.0
6117,迎廣,2021-02-19,16345.0,252906.0,15.3,15.65,15.2,15.65,0.1,19.0
6117,迎廣,2021-02-22,46031.0,727902.0,15.35,16.25,15.15,16.1,0.45,31.0
6117,迎廣,2021-02-23,16103.0,264189.0,16.1,16.55,16.1,16.5,0.4,14.0
6117,迎廣,2021-02-24,20150.0,330803.0,16.8,16.8,16.1,16.3,-0.2,16.0
6117,迎廣,2021-02-25,8107.0,131497.0,16.65,16.65,16.1,16.1,-0.2,11.0
6117,迎廣,2021-02-26,18155.0,290936.0,16.0,16.3,15.55,16.3,0.2,19.0
6117,迎廣,2021-03-02,21469.0,338292.0,16.3,16.3,15.55,15.7,-0.6,23.0
6117,迎廣,2021-03-03,6066.0,99470.0,16.2,16.7,16.2,16.5,0.8,8.0
6117,迎廣,2021-03-04,10585.0,172539.0,16.5,16.5,16.2,16.25,-0.25,18.0
6117,迎廣,2021-03-05,3050.0,49360.0,16.15,16.25,16.15,16.25,0.0,4.0
6117,迎廣,2021-03-08,5540.0,88427.0,16.3,16.3,16.0,16.0,-0.25,7.0
6117,迎廣,2021-03-09,8674.0,138376.0,16.0,16.0,15.8,15.8,-0.2,15.0
6117,迎廣,2021-03-10,3832.0,61095.0,16.25,16.25,15.85,15.85,0.05,5.0
6117,迎廣,2021-03-11,11500.0,184523.0,16.0,16.1,15.95,15.95,0.1,12.0
6117,迎廣,2021-03-12,7512.0,119460.0,15.7,16.2,15.7,16.0,0.05,13.0
6117,迎廣,2021-03-15,20335.0,323642.0,15.75,16.0,15.75,16.0,0.0,19.0
6117,迎廣,2021-03-16,8263.0,131608.0,16.0,16.0,15.9,15.9,-0.1,12.0
6117,迎廣,2021-03-17,5175.0,82192.0,16.0,16.0,15.8,15.8,-0.1,10.0
6117,迎廣,2021-03-18,41529.0,680170.0,16.0,16.6,16.0,16.35,0.55,43.0
6117,迎廣,2021-03-19,65405.0,1039014.0,16.05,16.3,15.75,15.8,-0.55,57.0
6117,迎廣,2021-03-22,10240.0,162015.0,15.8,15.85,15.75,15.8,0.0,15.0
6117,迎廣,2021-03-23,6510.0,102815.0,15.65,15.8,15.6,15.75,-0.05,16.0
6117,迎廣,2021-03-24,11712.0,184256.0,15.8,15.8,15.65,15.7,-0.05,18.0
6117,迎廣,2021-03-25,7206.0,112891.0,15.5,15.5,15.4,15.5,-0.2,34.0
6117,迎廣,2021-03-26,27471.0,435544.0,15.65,16.15,15.65,16.15,0.65,28.0
6117,迎廣,2021-03-29,40541.0,659643.0,16.2,16.4,16.05,16.05,-0.1,38.0
6117,迎廣,2021-03-30,14040.0,227121.0,16.1,16.2,16.1,16.2,0.15,13.0
6117,迎廣,2021-03-31,22143.0,358771.0,16.3,16.35,16.1,16.35,0.15,18.0
6117,迎廣,2021-04-01,40249.0,650984.0,16.3,16.35,16.1,16.35,0.0,37.0
6117,迎廣,2021-04-06,141902.0,2276811.0,16.45,16.5,16.0,16.0,-0.35,47.0
6117,迎廣,2021-04-07,12106.0,193096.0,16.0,16.0,15.85,16.0,0.0,14.0
6117,迎廣,2021-04-08,25376.0,408841.0,15.95,16.2,15.95,16.2,0.2,33.0
6117,迎廣,2021-04-09,12747.0,204319.0,16.1,16.1,16.0,16.0,-0.2,19.0
6117,迎廣,2021-04-12,42510.0,690137.0,16.2,16.25,16.2,16.25,0.25,35.0
6117,迎廣,2021-04-13,86435.0,1405082.0,16.25,16.45,16.15,16.3,0.05,40.0
6117,迎廣,2021-04-14,24643.0,402007.0,16.3,16.5,16.05,16.2,-0.1,40.0
6117,迎廣,2021-04-15,11068.0,179126.0,16.3,16.3,16.1,16.15,-0.05,12.0
6117,迎廣,2021-04-16,25448.0,413769.0,16.55,16.55,16.15,16.4,0.25,28.0
6117,迎廣,2021-04-19,22496.0,366364.0,16.15,16.3,16.15,16.25,-0.15,32.0
6117,迎廣,2021-04-20,61989.0,1015494.0,16.3,16.55,16.25,16.5,0.25,44.0
6117,迎廣,2021-04-21,45165.0,744071.0,16.45,16.75,16.35,16.45,-0.05,43.0
6117,迎廣,2021-04-22,49460.0,815499.0,16.75,16.75,16.45,16.45,0.0,41.0
6117,迎廣,2021-04-23,45654.0,760999.0,16.45,17.0,16.45,16.7,0.25,44.0
